"retention","vtkValidPointMask","arc_length","Points:0","Points:1","Points:2"
1.2917e+22,1,0,0.031,0.1145,0
1.2912e+22,1,1.9001e-05,0.031019,0.1145,0
1.2906e+22,1,3.8e-05,0.031038,0.1145,0
1.2901e+22,1,5.7001e-05,0.031057,0.1145,0
1.2895e+22,1,7.6e-05,0.031076,0.1145,0
1.289e+22,1,9.5e-05,0.031095,0.1145,0
1.2885e+22,1,0.000114,0.031114,0.1145,0
1.2879e+22,1,0.000133,0.031133,0.1145,0
1.2874e+22,1,0.000152,0.031152,0.1145,0
1.2868e+22,1,0.000171,0.031171,0.1145,0
1.2863e+22,1,0.00019,0.03119,0.1145,0
1.2858e+22,1,0.000209,0.031209,0.1145,0
1.2852e+22,1,0.000228,0.031228,0.1145,0
1.2847e+22,1,0.000247,0.031247,0.1145,0
1.2839e+22,1,0.000266,0.031266,0.1145,0
1.2832e+22,1,0.000285,0.031285,0.1145,0
1.2824e+22,1,0.000304,0.031304,0.1145,0
1.2816e+22,1,0.000323,0.031323,0.1145,0
1.2808e+22,1,0.000342,0.031342,0.1145,0
1.2801e+22,1,0.000361,0.031361,0.1145,0
1.2793e+22,1,0.00038,0.03138,0.1145,0
1.2785e+22,1,0.000399,0.031399,0.1145,0
1.2777e+22,1,0.000418,0.031418,0.1145,0
1.2769e+22,1,0.000437,0.031437,0.1145,0
1.2762e+22,1,0.000456,0.031456,0.1145,0
1.2754e+22,1,0.000475,0.031475,0.1145,0
1.2746e+22,1,0.000494,0.031494,0.1145,0
1.2738e+22,1,0.000513,0.031513,0.1145,0
1.2731e+22,1,0.000532,0.031532,0.1145,0
1.2723e+22,1,0.000551,0.031551,0.1145,0
1.2715e+22,1,0.00057,0.03157,0.1145,0
1.2708e+22,1,0.000589,0.031589,0.1145,0
1.2699e+22,1,0.000608,0.031608,0.1145,0
1.2689e+22,1,0.000627,0.031627,0.1145,0
1.2679e+22,1,0.000646,0.031646,0.1145,0
1.2668e+22,1,0.000665,0.031665,0.1145,0
1.2658e+22,1,0.000684,0.031684,0.1145,0
1.2648e+22,1,0.000703,0.031703,0.1145,0
1.2637e+22,1,0.000722,0.031722,0.1145,0
1.2627e+22,1,0.000741,0.031741,0.1145,0
1.2617e+22,1,0.00076,0.03176,0.1145,0
1.2606e+22,1,0.000779,0.031779,0.1145,0
1.2596e+22,1,0.000798,0.031798,0.1145,0
1.2586e+22,1,0.000817,0.031817,0.1145,0
1.2576e+22,1,0.000836,0.031836,0.1145,0
1.2565e+22,1,0.000855,0.031855,0.1145,0
1.2555e+22,1,0.000874,0.031874,0.1145,0
1.2545e+22,1,0.000893,0.031893,0.1145,0
1.2534e+22,1,0.000912,0.031912,0.1145,0
1.2522e+22,1,0.000931,0.031931,0.1145,0
1.2509e+22,1,0.00095,0.03195,0.1145,0
1.2496e+22,1,0.000969,0.031969,0.1145,0
1.2483e+22,1,0.000988,0.031988,0.1145,0
1.247e+22,1,0.001007,0.032007,0.1145,0
1.2457e+22,1,0.001026,0.032026,0.1145,0
1.2444e+22,1,0.001045,0.032045,0.1145,0
1.2431e+22,1,0.001064,0.032064,0.1145,0
1.2418e+22,1,0.001083,0.032083,0.1145,0
1.2405e+22,1,0.001102,0.032102,0.1145,0
1.2392e+22,1,0.001121,0.032121,0.1145,0
1.2379e+22,1,0.00114,0.03214,0.1145,0
1.2366e+22,1,0.001159,0.032159,0.1145,0
1.2352e+22,1,0.001178,0.032178,0.1145,0
1.2339e+22,1,0.001197,0.032197,0.1145,0
1.2322e+22,1,0.001216,0.032216,0.1145,0
1.2306e+22,1,0.001235,0.032235,0.1145,0
1.229e+22,1,0.001254,0.032254,0.1145,0
1.2273e+22,1,0.001273,0.032273,0.1145,0
1.2257e+22,1,0.001292,0.032292,0.1145,0
1.2241e+22,1,0.001311,0.032311,0.1145,0
1.2225e+22,1,0.00133,0.03233,0.1145,0
1.2209e+22,1,0.001349,0.032349,0.1145,0
1.2193e+22,1,0.001368,0.032368,0.1145,0
1.2177e+22,1,0.001387,0.032387,0.1145,0
1.2161e+22,1,0.001406,0.032406,0.1145,0
1.2145e+22,1,0.001425,0.032425,0.1145,0
1.2128e+22,1,0.001444,0.032444,0.1145,0
1.2112e+22,1,0.001463,0.032463,0.1145,0
1.2092e+22,1,0.001482,0.032482,0.1145,0
1.2073e+22,1,0.001501,0.032501,0.1145,0
1.2053e+22,1,0.00152,0.03252,0.1145,0
1.2033e+22,1,0.001539,0.032539,0.1145,0
1.2014e+22,1,0.001558,0.032558,0.1145,0
1.1994e+22,1,0.001577,0.032577,0.1145,0
1.1974e+22,1,0.001596,0.032596,0.1145,0
1.1955e+22,1,0.001615,0.032615,0.1145,0
1.1935e+22,1,0.001634,0.032634,0.1145,0
1.1916e+22,1,0.001653,0.032653,0.1145,0
1.1896e+22,1,0.001672,0.032672,0.1145,0
1.1876e+22,1,0.001691,0.032691,0.1145,0
1.1854e+22,1,0.00171,0.03271,0.1145,0
1.1831e+22,1,0.001729,0.032729,0.1145,0
1.1807e+22,1,0.001748,0.032748,0.1145,0
1.1784e+22,1,0.001767,0.032767,0.1145,0
1.1761e+22,1,0.001786,0.032786,0.1145,0
1.1737e+22,1,0.001805,0.032805,0.1145,0
1.1714e+22,1,0.001824,0.032824,0.1145,0
1.1691e+22,1,0.001843,0.032843,0.1145,0
1.1668e+22,1,0.001862,0.032862,0.1145,0
1.1644e+22,1,0.001881,0.032881,0.1145,0
1.1621e+22,1,0.0019,0.0329,0.1145,0
1.1596e+22,1,0.001919,0.032919,0.1145,0
1.1568e+22,1,0.001938,0.032938,0.1145,0
1.1541e+22,1,0.001957,0.032957,0.1145,0
1.1514e+22,1,0.001976,0.032976,0.1145,0
1.1487e+22,1,0.001995,0.032995,0.1145,0
1.1459e+22,1,0.002014,0.033014,0.1145,0
1.1432e+22,1,0.002033,0.033033,0.1145,0
1.1405e+22,1,0.002052,0.033052,0.1145,0
1.1378e+22,1,0.002071,0.033071,0.1145,0
1.1351e+22,1,0.00209,0.03309,0.1145,0
1.1322e+22,1,0.002109,0.033109,0.1145,0
1.1291e+22,1,0.002128,0.033128,0.1145,0
1.1259e+22,1,0.002147,0.033147,0.1145,0
1.1228e+22,1,0.002166,0.033166,0.1145,0
1.1196e+22,1,0.002185,0.033185,0.1145,0
1.1164e+22,1,0.002204,0.033204,0.1145,0
1.1133e+22,1,0.002223,0.033223,0.1145,0
1.1102e+22,1,0.002242,0.033242,0.1145,0
1.107e+22,1,0.002261,0.033261,0.1145,0
1.1039e+22,1,0.00228,0.03328,0.1145,0
1.1005e+22,1,0.002299,0.033299,0.1145,0
1.0968e+22,1,0.002318,0.033318,0.1145,0
1.0932e+22,1,0.002337,0.033337,0.1145,0
1.0896e+22,1,0.002356,0.033356,0.1145,0
1.0861e+22,1,0.002375,0.033375,0.1145,0
1.0825e+22,1,0.002394,0.033394,0.1145,0
1.0789e+22,1,0.002413,0.033413,0.1145,0
1.0753e+22,1,0.002432,0.033432,0.1145,0
1.0717e+22,1,0.002451,0.033451,0.1145,0
1.0677e+22,1,0.00247,0.03347,0.1145,0
1.0636e+22,1,0.002489,0.033489,0.1145,0
1.0596e+22,1,0.002508,0.033508,0.1145,0
1.0555e+22,1,0.002527,0.033527,0.1145,0
1.0514e+22,1,0.002546,0.033546,0.1145,0
1.0474e+22,1,0.002565,0.033565,0.1145,0
1.0433e+22,1,0.002584,0.033584,0.1145,0
1.0393e+22,1,0.002603,0.033603,0.1145,0
1.0348e+22,1,0.002622,0.033622,0.1145,0
1.0303e+22,1,0.002641,0.033641,0.1145,0
1.0257e+22,1,0.00266,0.03366,0.1145,0
1.0212e+22,1,0.002679,0.033679,0.1145,0
1.0166e+22,1,0.002698,0.033698,0.1145,0
1.0121e+22,1,0.002717,0.033717,0.1145,0
1.0076e+22,1,0.002736,0.033736,0.1145,0
1.1563e+21,1,0.002755,0.033755,0.1145,0
1.1503e+21,1,0.002774,0.033774,0.1145,0
1.1444e+21,1,0.002793,0.033793,0.1145,0
1.1384e+21,1,0.002812,0.033812,0.1145,0
1.1324e+21,1,0.002831,0.033831,0.1145,0
1.1265e+21,1,0.00285,0.03385,0.1145,0
1.1206e+21,1,0.002869,0.033869,0.1145,0
1.1147e+21,1,0.002888,0.033888,0.1145,0
1.1087e+21,1,0.002907,0.033907,0.1145,0
1.1027e+21,1,0.002926,0.033926,0.1145,0
1.0967e+21,1,0.002945,0.033945,0.1145,0
1.0908e+21,1,0.002964,0.033964,0.1145,0
1.0849e+21,1,0.002983,0.033983,0.1145,0
1.0789e+21,1,0.003002,0.034002,0.1145,0
1.073e+21,1,0.003021,0.034021,0.1145,0
1.067e+21,1,0.00304,0.03404,0.1145,0
1.061e+21,1,0.003059,0.034059,0.1145,0
1.0549e+21,1,0.003078,0.034078,0.1145,0
1.0489e+21,1,0.003097,0.034097,0.1145,0
1.0429e+21,1,0.003116,0.034116,0.1145,0
1.037e+21,1,0.003135,0.034135,0.1145,0
1.031e+21,1,0.003154,0.034154,0.1145,0
1.0249e+21,1,0.003173,0.034173,0.1145,0
1.0189e+21,1,0.003192,0.034192,0.1145,0
1.0129e+21,1,0.003211,0.034211,0.1145,0
1.0069e+21,1,0.00323,0.03423,0.1145,0
1.0009e+21,1,0.003249,0.034249,0.1145,0
9.9487e+20,1,0.003268,0.034268,0.1145,0
9.8881e+20,1,0.003287,0.034287,0.1145,0
9.827e+20,1,0.003306,0.034306,0.1145,0
9.7659e+20,1,0.003325,0.034325,0.1145,0
9.7049e+20,1,0.003344,0.034344,0.1145,0
9.6438e+20,1,0.003363,0.034363,0.1145,0
9.5831e+20,1,0.003382,0.034382,0.1145,0
9.5225e+20,1,0.003401,0.034401,0.1145,0
9.4608e+20,1,0.00342,0.03442,0.1145,0
9.3991e+20,1,0.003439,0.034439,0.1145,0
9.3378e+20,1,0.003458,0.034458,0.1145,0
9.2766e+20,1,0.003477,0.034477,0.1145,0
9.2153e+20,1,0.003496,0.034496,0.1145,0
9.1541e+20,1,0.003515,0.034515,0.1145,0
9.0928e+20,1,0.003534,0.034534,0.1145,0
9.0302e+20,1,0.003553,0.034553,0.1145,0
8.9676e+20,1,0.003572,0.034572,0.1145,0
8.905e+20,1,0.003591,0.034591,0.1145,0
8.8425e+20,1,0.00361,0.03461,0.1145,0
8.7799e+20,1,0.003629,0.034629,0.1145,0
8.7179e+20,1,0.003648,0.034648,0.1145,0
8.6548e+20,1,0.003667,0.034667,0.1145,0
8.5912e+20,1,0.003686,0.034686,0.1145,0
8.5281e+20,1,0.003705,0.034705,0.1145,0
8.465e+20,1,0.003724,0.034724,0.1145,0
8.4019e+20,1,0.003743,0.034743,0.1145,0
8.3389e+20,1,0.003762,0.034762,0.1145,0
8.2755e+20,1,0.003781,0.034781,0.1145,0
8.2111e+20,1,0.0038,0.0348,0.1145,0
8.1467e+20,1,0.003819,0.034819,0.1145,0
8.0822e+20,1,0.003838,0.034838,0.1145,0
8.0179e+20,1,0.003857,0.034857,0.1145,0
7.9535e+20,1,0.003876,0.034876,0.1145,0
7.8892e+20,1,0.003895,0.034895,0.1145,0
7.8243e+20,1,0.003914,0.034914,0.1145,0
7.7579e+20,1,0.003933,0.034933,0.1145,0
7.6915e+20,1,0.003952,0.034952,0.1145,0
7.625e+20,1,0.003971,0.034971,0.1145,0
7.5589e+20,1,0.00399,0.03499,0.1145,0
7.4932e+20,1,0.004009,0.035009,0.1145,0
7.4276e+20,1,0.004028,0.035028,0.1145,0
7.362e+20,1,0.004047,0.035047,0.1145,0
7.2943e+20,1,0.004066,0.035066,0.1145,0
7.2257e+20,1,0.004085,0.035085,0.1145,0
7.1572e+20,1,0.004104,0.035104,0.1145,0
7.0886e+20,1,0.004123,0.035123,0.1145,0
7.0211e+20,1,0.004142,0.035142,0.1145,0
6.9536e+20,1,0.004161,0.035161,0.1145,0
6.8861e+20,1,0.00418,0.03518,0.1145,0
6.8186e+20,1,0.004199,0.035199,0.1145,0
6.748e+20,1,0.004218,0.035218,0.1145,0
6.6771e+20,1,0.004237,0.035237,0.1145,0
6.6062e+20,1,0.004256,0.035256,0.1145,0
6.5353e+20,1,0.004275,0.035275,0.1145,0
6.4651e+20,1,0.004294,0.035294,0.1145,0
6.3954e+20,1,0.004313,0.035313,0.1145,0
6.3256e+20,1,0.004332,0.035332,0.1145,0
6.2531e+20,1,0.004351,0.035351,0.1145,0
6.1796e+20,1,0.00437,0.03537,0.1145,0
6.1064e+20,1,0.004389,0.035389,0.1145,0
6.034e+20,1,0.004408,0.035408,0.1145,0
5.9617e+20,1,0.004427,0.035427,0.1145,0
5.8894e+20,1,0.004446,0.035446,0.1145,0
5.8171e+20,1,0.004465,0.035465,0.1145,0
5.7419e+20,1,0.004484,0.035484,0.1145,0
5.6655e+20,1,0.004503,0.035503,0.1145,0
5.589e+20,1,0.004522,0.035522,0.1145,0
5.5125e+20,1,0.004541,0.035541,0.1145,0
5.4363e+20,1,0.00456,0.03556,0.1145,0
5.3611e+20,1,0.004579,0.035579,0.1145,0
5.2859e+20,1,0.004598,0.035598,0.1145,0
5.2075e+20,1,0.004617,0.035617,0.1145,0
5.1276e+20,1,0.004636,0.035636,0.1145,0
5.048e+20,1,0.004655,0.035655,0.1145,0
4.9694e+20,1,0.004674,0.035674,0.1145,0
4.8907e+20,1,0.004693,0.035693,0.1145,0
4.8121e+20,1,0.004712,0.035712,0.1145,0
4.7335e+20,1,0.004731,0.035731,0.1145,0
4.6505e+20,1,0.00475,0.03575,0.1145,0
4.5668e+20,1,0.004769,0.035769,0.1145,0
4.483e+20,1,0.004788,0.035788,0.1145,0
4.3992e+20,1,0.004807,0.035807,0.1145,0
4.3159e+20,1,0.004826,0.035826,0.1145,0
4.2333e+20,1,0.004845,0.035845,0.1145,0
4.1506e+20,1,0.004864,0.035864,0.1145,0
4.0624e+20,1,0.004883,0.035883,0.1145,0
3.9741e+20,1,0.004902,0.035902,0.1145,0
3.8867e+20,1,0.004921,0.035921,0.1145,0
3.7997e+20,1,0.00494,0.03594,0.1145,0
3.7126e+20,1,0.004959,0.035959,0.1145,0
3.6255e+20,1,0.004978,0.035978,0.1145,0
3.5366e+20,1,0.004997,0.035997,0.1145,0
3.443e+20,1,0.005016,0.036016,0.1145,0
3.3495e+20,1,0.005035,0.036035,0.1145,0
3.256e+20,1,0.005054,0.036054,0.1145,0
3.1624e+20,1,0.005073,0.036073,0.1145,0
3.0696e+20,1,0.005092,0.036092,0.1145,0
2.9773e+20,1,0.005111,0.036111,0.1145,0
2.8814e+20,1,0.00513,0.03613,0.1145,0
2.7818e+20,1,0.005149,0.036149,0.1145,0
2.6827e+20,1,0.005168,0.036168,0.1145,0
2.5843e+20,1,0.005187,0.036187,0.1145,0
2.4859e+20,1,0.005206,0.036206,0.1145,0
2.3875e+20,1,0.005225,0.036225,0.1145,0
2.2891e+20,1,0.005244,0.036244,0.1145,0
2.1851e+20,1,0.005263,0.036263,0.1145,0
2.0783e+20,1,0.005282,0.036282,0.1145,0
1.9714e+20,1,0.005301,0.036301,0.1145,0
1.8645e+20,1,0.00532,0.03632,0.1145,0
1.7577e+20,1,0.005339,0.036339,0.1145,0
1.6521e+20,1,0.005358,0.036358,0.1145,0
1.5466e+20,1,0.005377,0.036377,0.1145,0
1.4322e+20,1,0.005396,0.036396,0.1145,0
1.3172e+20,1,0.005415,0.036415,0.1145,0
1.2034e+20,1,0.005434,0.036434,0.1145,0
1.0897e+20,1,0.005453,0.036453,0.1145,0
9.7607e+19,1,0.005472,0.036472,0.1145,0
8.6244e+19,1,0.005491,0.036491,0.1145,0
nan,0,0.00551,0.03651,0.1145,0
nan,0,0.005529,0.036529,0.1145,0
nan,0,0.005548,0.036548,0.1145,0
nan,0,0.005567,0.036567,0.1145,0
nan,0,0.005586,0.036586,0.1145,0
nan,0,0.005605,0.036605,0.1145,0
nan,0,0.005624,0.036624,0.1145,0
nan,0,0.005643,0.036643,0.1145,0
nan,0,0.005662,0.036662,0.1145,0
nan,0,0.005681,0.036681,0.1145,0
nan,0,0.0057,0.0367,0.1145,0
nan,0,0.005719,0.036719,0.1145,0
nan,0,0.005738,0.036738,0.1145,0
nan,0,0.005757,0.036757,0.1145,0
nan,0,0.005776,0.036776,0.1145,0
nan,0,0.005795,0.036795,0.1145,0
nan,0,0.005814,0.036814,0.1145,0
nan,0,0.005833,0.036833,0.1145,0
nan,0,0.005852,0.036852,0.1145,0
nan,0,0.005871,0.036871,0.1145,0
nan,0,0.00589,0.03689,0.1145,0
nan,0,0.005909,0.036909,0.1145,0
nan,0,0.005928,0.036928,0.1145,0
nan,0,0.005947,0.036947,0.1145,0
nan,0,0.005966,0.036966,0.1145,0
nan,0,0.005985,0.036985,0.1145,0
nan,0,0.006004,0.037004,0.1145,0
nan,0,0.006023,0.037023,0.1145,0
nan,0,0.006042,0.037042,0.1145,0
nan,0,0.006061,0.037061,0.1145,0
nan,0,0.00608,0.03708,0.1145,0
nan,0,0.006099,0.037099,0.1145,0
nan,0,0.006118,0.037118,0.1145,0
nan,0,0.006137,0.037137,0.1145,0
nan,0,0.006156,0.037156,0.1145,0
nan,0,0.006175,0.037175,0.1145,0
nan,0,0.006194,0.037194,0.1145,0
nan,0,0.006213,0.037213,0.1145,0
nan,0,0.006232,0.037232,0.1145,0
nan,0,0.006251,0.037251,0.1145,0
nan,0,0.00627,0.03727,0.1145,0
nan,0,0.006289,0.037289,0.1145,0
nan,0,0.006308,0.037308,0.1145,0
nan,0,0.006327,0.037327,0.1145,0
nan,0,0.006346,0.037346,0.1145,0
nan,0,0.006365,0.037365,0.1145,0
nan,0,0.006384,0.037384,0.1145,0
nan,0,0.006403,0.037403,0.1145,0
nan,0,0.006422,0.037422,0.1145,0
nan,0,0.006441,0.037441,0.1145,0
nan,0,0.00646,0.03746,0.1145,0
nan,0,0.006479,0.037479,0.1145,0
nan,0,0.006498,0.037498,0.1145,0
nan,0,0.006517,0.037517,0.1145,0
nan,0,0.006536,0.037536,0.1145,0
nan,0,0.006555,0.037555,0.1145,0
nan,0,0.006574,0.037574,0.1145,0
nan,0,0.006593,0.037593,0.1145,0
nan,0,0.006612,0.037612,0.1145,0
nan,0,0.006631,0.037631,0.1145,0
nan,0,0.00665,0.03765,0.1145,0
nan,0,0.006669,0.037669,0.1145,0
nan,0,0.006688,0.037688,0.1145,0
nan,0,0.006707,0.037707,0.1145,0
nan,0,0.006726,0.037726,0.1145,0
nan,0,0.006745,0.037745,0.1145,0
nan,0,0.006764,0.037764,0.1145,0
nan,0,0.006783,0.037783,0.1145,0
nan,0,0.006802,0.037802,0.1145,0
nan,0,0.006821,0.037821,0.1145,0
nan,0,0.00684,0.03784,0.1145,0
nan,0,0.006859,0.037859,0.1145,0
nan,0,0.006878,0.037878,0.1145,0
nan,0,0.006897,0.037897,0.1145,0
nan,0,0.006916,0.037916,0.1145,0
nan,0,0.006935,0.037935,0.1145,0
nan,0,0.006954,0.037954,0.1145,0
nan,0,0.006973,0.037973,0.1145,0
nan,0,0.006992,0.037992,0.1145,0
nan,0,0.007011,0.038011,0.1145,0
nan,0,0.00703,0.03803,0.1145,0
nan,0,0.007049,0.038049,0.1145,0
nan,0,0.007068,0.038068,0.1145,0
nan,0,0.007087,0.038087,0.1145,0
nan,0,0.007106,0.038106,0.1145,0
nan,0,0.007125,0.038125,0.1145,0
nan,0,0.007144,0.038144,0.1145,0
nan,0,0.007163,0.038163,0.1145,0
nan,0,0.007182,0.038182,0.1145,0
nan,0,0.007201,0.038201,0.1145,0
nan,0,0.00722,0.03822,0.1145,0
nan,0,0.007239,0.038239,0.1145,0
nan,0,0.007258,0.038258,0.1145,0
nan,0,0.007277,0.038277,0.1145,0
nan,0,0.007296,0.038296,0.1145,0
nan,0,0.007315,0.038315,0.1145,0
nan,0,0.007334,0.038334,0.1145,0
nan,0,0.007353,0.038353,0.1145,0
nan,0,0.007372,0.038372,0.1145,0
nan,0,0.007391,0.038391,0.1145,0
nan,0,0.00741,0.03841,0.1145,0
nan,0,0.007429,0.038429,0.1145,0
nan,0,0.007448,0.038448,0.1145,0
nan,0,0.007467,0.038467,0.1145,0
nan,0,0.007486,0.038486,0.1145,0
nan,0,0.007505,0.038505,0.1145,0
nan,0,0.007524,0.038524,0.1145,0
nan,0,0.007543,0.038543,0.1145,0
nan,0,0.007562,0.038562,0.1145,0
nan,0,0.007581,0.038581,0.1145,0
nan,0,0.0076,0.0386,0.1145,0
nan,0,0.007619,0.038619,0.1145,0
nan,0,0.007638,0.038638,0.1145,0
nan,0,0.007657,0.038657,0.1145,0
nan,0,0.007676,0.038676,0.1145,0
nan,0,0.007695,0.038695,0.1145,0
nan,0,0.007714,0.038714,0.1145,0
nan,0,0.007733,0.038733,0.1145,0
nan,0,0.007752,0.038752,0.1145,0
nan,0,0.007771,0.038771,0.1145,0
nan,0,0.00779,0.03879,0.1145,0
nan,0,0.007809,0.038809,0.1145,0
nan,0,0.007828,0.038828,0.1145,0
nan,0,0.007847,0.038847,0.1145,0
nan,0,0.007866,0.038866,0.1145,0
nan,0,0.007885,0.038885,0.1145,0
nan,0,0.007904,0.038904,0.1145,0
nan,0,0.007923,0.038923,0.1145,0
nan,0,0.007942,0.038942,0.1145,0
nan,0,0.007961,0.038961,0.1145,0
nan,0,0.00798,0.03898,0.1145,0
nan,0,0.007999,0.038999,0.1145,0
nan,0,0.008018,0.039018,0.1145,0
nan,0,0.008037,0.039037,0.1145,0
nan,0,0.008056,0.039056,0.1145,0
nan,0,0.008075,0.039075,0.1145,0
nan,0,0.008094,0.039094,0.1145,0
nan,0,0.008113,0.039113,0.1145,0
nan,0,0.008132,0.039132,0.1145,0
nan,0,0.008151,0.039151,0.1145,0
nan,0,0.00817,0.03917,0.1145,0
nan,0,0.008189,0.039189,0.1145,0
nan,0,0.008208,0.039208,0.1145,0
nan,0,0.008227,0.039227,0.1145,0
nan,0,0.008246,0.039246,0.1145,0
nan,0,0.008265,0.039265,0.1145,0
nan,0,0.008284,0.039284,0.1145,0
nan,0,0.008303,0.039303,0.1145,0
nan,0,0.008322,0.039322,0.1145,0
nan,0,0.008341,0.039341,0.1145,0
nan,0,0.00836,0.03936,0.1145,0
nan,0,0.008379,0.039379,0.1145,0
nan,0,0.008398,0.039398,0.1145,0
nan,0,0.008417,0.039417,0.1145,0
nan,0,0.008436,0.039436,0.1145,0
nan,0,0.008455,0.039455,0.1145,0
nan,0,0.008474,0.039474,0.1145,0
nan,0,0.008493,0.039493,0.1145,0
nan,0,0.008512,0.039512,0.1145,0
nan,0,0.008531,0.039531,0.1145,0
nan,0,0.00855,0.03955,0.1145,0
nan,0,0.008569,0.039569,0.1145,0
nan,0,0.008588,0.039588,0.1145,0
nan,0,0.008607,0.039607,0.1145,0
nan,0,0.008626,0.039626,0.1145,0
nan,0,0.008645,0.039645,0.1145,0
nan,0,0.008664,0.039664,0.1145,0
nan,0,0.008683,0.039683,0.1145,0
nan,0,0.008702,0.039702,0.1145,0
nan,0,0.008721,0.039721,0.1145,0
nan,0,0.00874,0.03974,0.1145,0
nan,0,0.008759,0.039759,0.1145,0
nan,0,0.008778,0.039778,0.1145,0
nan,0,0.008797,0.039797,0.1145,0
nan,0,0.008816,0.039816,0.1145,0
nan,0,0.008835,0.039835,0.1145,0
nan,0,0.008854,0.039854,0.1145,0
nan,0,0.008873,0.039873,0.1145,0
nan,0,0.008892,0.039892,0.1145,0
nan,0,0.008911,0.039911,0.1145,0
nan,0,0.00893,0.03993,0.1145,0
nan,0,0.008949,0.039949,0.1145,0
nan,0,0.008968,0.039968,0.1145,0
nan,0,0.008987,0.039987,0.1145,0
nan,0,0.009006,0.040006,0.1145,0
nan,0,0.009025,0.040025,0.1145,0
nan,0,0.009044,0.040044,0.1145,0
nan,0,0.009063,0.040063,0.1145,0
nan,0,0.009082,0.040082,0.1145,0
nan,0,0.009101,0.040101,0.1145,0
nan,0,0.00912,0.04012,0.1145,0
nan,0,0.009139,0.040139,0.1145,0
nan,0,0.009158,0.040158,0.1145,0
nan,0,0.009177,0.040177,0.1145,0
nan,0,0.009196,0.040196,0.1145,0
nan,0,0.009215,0.040215,0.1145,0
nan,0,0.009234,0.040234,0.1145,0
nan,0,0.009253,0.040253,0.1145,0
nan,0,0.009272,0.040272,0.1145,0
nan,0,0.009291,0.040291,0.1145,0
nan,0,0.00931,0.04031,0.1145,0
nan,0,0.009329,0.040329,0.1145,0
nan,0,0.009348,0.040348,0.1145,0
nan,0,0.009367,0.040367,0.1145,0
nan,0,0.009386,0.040386,0.1145,0
nan,0,0.009405,0.040405,0.1145,0
nan,0,0.009424,0.040424,0.1145,0
nan,0,0.009443,0.040443,0.1145,0
nan,0,0.009462,0.040462,0.1145,0
nan,0,0.009481,0.040481,0.1145,0
nan,0,0.0095,0.0405,0.1145,0
nan,0,0.009519,0.040519,0.1145,0
nan,0,0.009538,0.040538,0.1145,0
nan,0,0.009557,0.040557,0.1145,0
nan,0,0.009576,0.040576,0.1145,0
nan,0,0.009595,0.040595,0.1145,0
nan,0,0.009614,0.040614,0.1145,0
nan,0,0.009633,0.040633,0.1145,0
nan,0,0.009652,0.040652,0.1145,0
nan,0,0.009671,0.040671,0.1145,0
nan,0,0.00969,0.04069,0.1145,0
nan,0,0.009709,0.040709,0.1145,0
nan,0,0.009728,0.040728,0.1145,0
nan,0,0.009747,0.040747,0.1145,0
nan,0,0.009766,0.040766,0.1145,0
nan,0,0.009785,0.040785,0.1145,0
nan,0,0.009804,0.040804,0.1145,0
nan,0,0.009823,0.040823,0.1145,0
nan,0,0.009842,0.040842,0.1145,0
nan,0,0.009861,0.040861,0.1145,0
nan,0,0.00988,0.04088,0.1145,0
nan,0,0.009899,0.040899,0.1145,0
nan,0,0.009918,0.040918,0.1145,0
nan,0,0.009937,0.040937,0.1145,0
nan,0,0.009956,0.040956,0.1145,0
nan,0,0.009975,0.040975,0.1145,0
nan,0,0.009994,0.040994,0.1145,0
nan,0,0.010013,0.041013,0.1145,0
nan,0,0.010032,0.041032,0.1145,0
nan,0,0.010051,0.041051,0.1145,0
nan,0,0.01007,0.04107,0.1145,0
nan,0,0.010089,0.041089,0.1145,0
nan,0,0.010108,0.041108,0.1145,0
nan,0,0.010127,0.041127,0.1145,0
nan,0,0.010146,0.041146,0.1145,0
nan,0,0.010165,0.041165,0.1145,0
nan,0,0.010184,0.041184,0.1145,0
nan,0,0.010203,0.041203,0.1145,0
nan,0,0.010222,0.041222,0.1145,0
nan,0,0.010241,0.041241,0.1145,0
nan,0,0.01026,0.04126,0.1145,0
nan,0,0.010279,0.041279,0.1145,0
nan,0,0.010298,0.041298,0.1145,0
nan,0,0.010317,0.041317,0.1145,0
nan,0,0.010336,0.041336,0.1145,0
nan,0,0.010355,0.041355,0.1145,0
nan,0,0.010374,0.041374,0.1145,0
nan,0,0.010393,0.041393,0.1145,0
nan,0,0.010412,0.041412,0.1145,0
nan,0,0.010431,0.041431,0.1145,0
nan,0,0.01045,0.04145,0.1145,0
nan,0,0.010469,0.041469,0.1145,0
nan,0,0.010488,0.041488,0.1145,0
nan,0,0.010507,0.041507,0.1145,0
nan,0,0.010526,0.041526,0.1145,0
nan,0,0.010545,0.041545,0.1145,0
nan,0,0.010564,0.041564,0.1145,0
nan,0,0.010583,0.041583,0.1145,0
nan,0,0.010602,0.041602,0.1145,0
nan,0,0.010621,0.041621,0.1145,0
nan,0,0.01064,0.04164,0.1145,0
nan,0,0.010659,0.041659,0.1145,0
nan,0,0.010678,0.041678,0.1145,0
nan,0,0.010697,0.041697,0.1145,0
nan,0,0.010716,0.041716,0.1145,0
nan,0,0.010735,0.041735,0.1145,0
nan,0,0.010754,0.041754,0.1145,0
nan,0,0.010773,0.041773,0.1145,0
nan,0,0.010792,0.041792,0.1145,0
nan,0,0.010811,0.041811,0.1145,0
nan,0,0.01083,0.04183,0.1145,0
nan,0,0.010849,0.041849,0.1145,0
nan,0,0.010868,0.041868,0.1145,0
nan,0,0.010887,0.041887,0.1145,0
nan,0,0.010906,0.041906,0.1145,0
nan,0,0.010925,0.041925,0.1145,0
nan,0,0.010944,0.041944,0.1145,0
nan,0,0.010963,0.041963,0.1145,0
nan,0,0.010982,0.041982,0.1145,0
nan,0,0.011001,0.042001,0.1145,0
nan,0,0.01102,0.04202,0.1145,0
nan,0,0.011039,0.042039,0.1145,0
nan,0,0.011058,0.042058,0.1145,0
nan,0,0.011077,0.042077,0.1145,0
nan,0,0.011096,0.042096,0.1145,0
nan,0,0.011115,0.042115,0.1145,0
nan,0,0.011134,0.042134,0.1145,0
nan,0,0.011153,0.042153,0.1145,0
nan,0,0.011172,0.042172,0.1145,0
nan,0,0.011191,0.042191,0.1145,0
nan,0,0.01121,0.04221,0.1145,0
nan,0,0.011229,0.042229,0.1145,0
nan,0,0.011248,0.042248,0.1145,0
nan,0,0.011267,0.042267,0.1145,0
nan,0,0.011286,0.042286,0.1145,0
nan,0,0.011305,0.042305,0.1145,0
nan,0,0.011324,0.042324,0.1145,0
nan,0,0.011343,0.042343,0.1145,0
nan,0,0.011362,0.042362,0.1145,0
nan,0,0.011381,0.042381,0.1145,0
nan,0,0.0114,0.0424,0.1145,0
nan,0,0.011419,0.042419,0.1145,0
nan,0,0.011438,0.042438,0.1145,0
nan,0,0.011457,0.042457,0.1145,0
nan,0,0.011476,0.042476,0.1145,0
nan,0,0.011495,0.042495,0.1145,0
nan,0,0.011514,0.042514,0.1145,0
nan,0,0.011533,0.042533,0.1145,0
nan,0,0.011552,0.042552,0.1145,0
nan,0,0.011571,0.042571,0.1145,0
nan,0,0.01159,0.04259,0.1145,0
nan,0,0.011609,0.042609,0.1145,0
nan,0,0.011628,0.042628,0.1145,0
nan,0,0.011647,0.042647,0.1145,0
nan,0,0.011666,0.042666,0.1145,0
nan,0,0.011685,0.042685,0.1145,0
nan,0,0.011704,0.042704,0.1145,0
nan,0,0.011723,0.042723,0.1145,0
nan,0,0.011742,0.042742,0.1145,0
nan,0,0.011761,0.042761,0.1145,0
nan,0,0.01178,0.04278,0.1145,0
nan,0,0.011799,0.042799,0.1145,0
nan,0,0.011818,0.042818,0.1145,0
nan,0,0.011837,0.042837,0.1145,0
nan,0,0.011856,0.042856,0.1145,0
nan,0,0.011875,0.042875,0.1145,0
nan,0,0.011894,0.042894,0.1145,0
nan,0,0.011913,0.042913,0.1145,0
nan,0,0.011932,0.042932,0.1145,0
nan,0,0.011951,0.042951,0.1145,0
nan,0,0.01197,0.04297,0.1145,0
nan,0,0.011989,0.042989,0.1145,0
nan,0,0.012008,0.043008,0.1145,0
nan,0,0.012027,0.043027,0.1145,0
nan,0,0.012046,0.043046,0.1145,0
nan,0,0.012065,0.043065,0.1145,0
nan,0,0.012084,0.043084,0.1145,0
nan,0,0.012103,0.043103,0.1145,0
nan,0,0.012122,0.043122,0.1145,0
nan,0,0.012141,0.043141,0.1145,0
nan,0,0.01216,0.04316,0.1145,0
nan,0,0.012179,0.043179,0.1145,0
nan,0,0.012198,0.043198,0.1145,0
nan,0,0.012217,0.043217,0.1145,0
nan,0,0.012236,0.043236,0.1145,0
nan,0,0.012255,0.043255,0.1145,0
nan,0,0.012274,0.043274,0.1145,0
nan,0,0.012293,0.043293,0.1145,0
nan,0,0.012312,0.043312,0.1145,0
nan,0,0.012331,0.043331,0.1145,0
nan,0,0.01235,0.04335,0.1145,0
nan,0,0.012369,0.043369,0.1145,0
nan,0,0.012388,0.043388,0.1145,0
nan,0,0.012407,0.043407,0.1145,0
nan,0,0.012426,0.043426,0.1145,0
nan,0,0.012445,0.043445,0.1145,0
nan,0,0.012464,0.043464,0.1145,0
nan,0,0.012483,0.043483,0.1145,0
nan,0,0.012502,0.043502,0.1145,0
nan,0,0.012521,0.043521,0.1145,0
nan,0,0.01254,0.04354,0.1145,0
nan,0,0.012559,0.043559,0.1145,0
nan,0,0.012578,0.043578,0.1145,0
nan,0,0.012597,0.043597,0.1145,0
nan,0,0.012616,0.043616,0.1145,0
nan,0,0.012635,0.043635,0.1145,0
nan,0,0.012654,0.043654,0.1145,0
nan,0,0.012673,0.043673,0.1145,0
nan,0,0.012692,0.043692,0.1145,0
nan,0,0.012711,0.043711,0.1145,0
nan,0,0.01273,0.04373,0.1145,0
nan,0,0.012749,0.043749,0.1145,0
nan,0,0.012768,0.043768,0.1145,0
nan,0,0.012787,0.043787,0.1145,0
nan,0,0.012806,0.043806,0.1145,0
nan,0,0.012825,0.043825,0.1145,0
nan,0,0.012844,0.043844,0.1145,0
nan,0,0.012863,0.043863,0.1145,0
nan,0,0.012882,0.043882,0.1145,0
nan,0,0.012901,0.043901,0.1145,0
nan,0,0.01292,0.04392,0.1145,0
nan,0,0.012939,0.043939,0.1145,0
nan,0,0.012958,0.043958,0.1145,0
nan,0,0.012977,0.043977,0.1145,0
nan,0,0.012996,0.043996,0.1145,0
nan,0,0.013015,0.044015,0.1145,0
nan,0,0.013034,0.044034,0.1145,0
nan,0,0.013053,0.044053,0.1145,0
nan,0,0.013072,0.044072,0.1145,0
nan,0,0.013091,0.044091,0.1145,0
nan,0,0.01311,0.04411,0.1145,0
nan,0,0.013129,0.044129,0.1145,0
nan,0,0.013148,0.044148,0.1145,0
nan,0,0.013167,0.044167,0.1145,0
nan,0,0.013186,0.044186,0.1145,0
nan,0,0.013205,0.044205,0.1145,0
nan,0,0.013224,0.044224,0.1145,0
nan,0,0.013243,0.044243,0.1145,0
nan,0,0.013262,0.044262,0.1145,0
nan,0,0.013281,0.044281,0.1145,0
nan,0,0.0133,0.0443,0.1145,0
nan,0,0.013319,0.044319,0.1145,0
nan,0,0.013338,0.044338,0.1145,0
nan,0,0.013357,0.044357,0.1145,0
nan,0,0.013376,0.044376,0.1145,0
nan,0,0.013395,0.044395,0.1145,0
nan,0,0.013414,0.044414,0.1145,0
nan,0,0.013433,0.044433,0.1145,0
nan,0,0.013452,0.044452,0.1145,0
nan,0,0.013471,0.044471,0.1145,0
nan,0,0.01349,0.04449,0.1145,0
7.9896e+19,1,0.013509,0.044509,0.1145,0
8.9583e+19,1,0.013528,0.044528,0.1145,0
9.927e+19,1,0.013547,0.044547,0.1145,0
1.0896e+20,1,0.013566,0.044566,0.1145,0
1.1865e+20,1,0.013585,0.044585,0.1145,0
1.2842e+20,1,0.013604,0.044604,0.1145,0
1.3816e+20,1,0.013623,0.044623,0.1145,0
1.471e+20,1,0.013642,0.044642,0.1145,0
1.5609e+20,1,0.013661,0.044661,0.1145,0
1.6516e+20,1,0.01368,0.04468,0.1145,0
1.7424e+20,1,0.013699,0.044699,0.1145,0
1.8332e+20,1,0.013718,0.044718,0.1145,0
1.9239e+20,1,0.013737,0.044737,0.1145,0
2.0123e+20,1,0.013756,0.044756,0.1145,0
2.0952e+20,1,0.013775,0.044775,0.1145,0
2.1782e+20,1,0.013794,0.044794,0.1145,0
2.2612e+20,1,0.013813,0.044813,0.1145,0
2.3441e+20,1,0.013832,0.044832,0.1145,0
2.4281e+20,1,0.013851,0.044851,0.1145,0
2.5124e+20,1,0.01387,0.04487,0.1145,0
2.5932e+20,1,0.013889,0.044889,0.1145,0
2.6708e+20,1,0.013908,0.044908,0.1145,0
2.7485e+20,1,0.013927,0.044927,0.1145,0
2.8273e+20,1,0.013946,0.044946,0.1145,0
2.9061e+20,1,0.013965,0.044965,0.1145,0
2.9848e+20,1,0.013984,0.044984,0.1145,0
3.0636e+20,1,0.014003,0.045003,0.1145,0
3.1373e+20,1,0.014022,0.045022,0.1145,0
3.2101e+20,1,0.014041,0.045041,0.1145,0
3.2828e+20,1,0.01406,0.04506,0.1145,0
3.3556e+20,1,0.014079,0.045079,0.1145,0
3.4294e+20,1,0.014098,0.045098,0.1145,0
3.5035e+20,1,0.014117,0.045117,0.1145,0
3.5776e+20,1,0.014136,0.045136,0.1145,0
3.6472e+20,1,0.014155,0.045155,0.1145,0
3.716e+20,1,0.014174,0.045174,0.1145,0
3.7848e+20,1,0.014193,0.045193,0.1145,0
3.8546e+20,1,0.014212,0.045212,0.1145,0
3.9245e+20,1,0.014231,0.045231,0.1145,0
3.9945e+20,1,0.01425,0.04525,0.1145,0
4.0638e+20,1,0.014269,0.045269,0.1145,0
4.1291e+20,1,0.014288,0.045288,0.1145,0
4.1944e+20,1,0.014307,0.045307,0.1145,0
4.2596e+20,1,0.014326,0.045326,0.1145,0
4.3253e+20,1,0.014345,0.045345,0.1145,0
4.3918e+20,1,0.014364,0.045364,0.1145,0
4.4583e+20,1,0.014383,0.045383,0.1145,0
4.5241e+20,1,0.014402,0.045402,0.1145,0
4.5865e+20,1,0.014421,0.045421,0.1145,0
4.6488e+20,1,0.01444,0.04544,0.1145,0
4.7113e+20,1,0.014459,0.045459,0.1145,0
4.7747e+20,1,0.014478,0.045478,0.1145,0
4.8381e+20,1,0.014497,0.045497,0.1145,0
4.9015e+20,1,0.014516,0.045516,0.1145,0
4.9635e+20,1,0.014535,0.045535,0.1145,0
5.0231e+20,1,0.014554,0.045554,0.1145,0
5.0828e+20,1,0.014573,0.045573,0.1145,0
5.1424e+20,1,0.014592,0.045592,0.1145,0
5.2021e+20,1,0.014611,0.045611,0.1145,0
5.2629e+20,1,0.01463,0.04563,0.1145,0
5.3237e+20,1,0.014649,0.045649,0.1145,0
5.3839e+20,1,0.014668,0.045668,0.1145,0
5.4415e+20,1,0.014687,0.045687,0.1145,0
5.4988e+20,1,0.014706,0.045706,0.1145,0
5.5571e+20,1,0.014725,0.045725,0.1145,0
5.6155e+20,1,0.014744,0.045744,0.1145,0
5.6739e+20,1,0.014763,0.045763,0.1145,0
5.7323e+20,1,0.014782,0.045782,0.1145,0
5.7905e+20,1,0.014801,0.045801,0.1145,0
5.8463e+20,1,0.01482,0.04582,0.1145,0
5.9021e+20,1,0.014839,0.045839,0.1145,0
5.9579e+20,1,0.014858,0.045858,0.1145,0
6.0136e+20,1,0.014877,0.045877,0.1145,0
6.0694e+20,1,0.014896,0.045896,0.1145,0
6.1257e+20,1,0.014915,0.045915,0.1145,0
6.1814e+20,1,0.014934,0.045934,0.1145,0
6.2355e+20,1,0.014953,0.045953,0.1145,0
6.2895e+20,1,0.014972,0.045972,0.1145,0
6.3436e+20,1,0.014991,0.045991,0.1145,0
6.3976e+20,1,0.01501,0.04601,0.1145,0
6.4522e+20,1,0.015029,0.046029,0.1145,0
6.5068e+20,1,0.015048,0.046048,0.1145,0
6.5615e+20,1,0.015067,0.046067,0.1145,0
6.6144e+20,1,0.015086,0.046086,0.1145,0
6.6668e+20,1,0.015105,0.046105,0.1145,0
6.72e+20,1,0.015124,0.046124,0.1145,0
6.7732e+20,1,0.015143,0.046143,0.1145,0
6.8265e+20,1,0.015162,0.046162,0.1145,0
6.8797e+20,1,0.015181,0.046181,0.1145,0
6.9322e+20,1,0.0152,0.0462,0.1145,0
6.9837e+20,1,0.015219,0.046219,0.1145,0
7.0351e+20,1,0.015238,0.046238,0.1145,0
7.0866e+20,1,0.015257,0.046257,0.1145,0
7.138e+20,1,0.015276,0.046276,0.1145,0
7.1895e+20,1,0.015295,0.046295,0.1145,0
7.2416e+20,1,0.015314,0.046314,0.1145,0
7.2933e+20,1,0.015333,0.046333,0.1145,0
7.3434e+20,1,0.015352,0.046352,0.1145,0
7.3943e+20,1,0.015371,0.046371,0.1145,0
7.4453e+20,1,0.01539,0.04639,0.1145,0
7.4962e+20,1,0.015409,0.046409,0.1145,0
7.5472e+20,1,0.015428,0.046428,0.1145,0
7.5981e+20,1,0.015447,0.046447,0.1145,0
7.6485e+20,1,0.015466,0.046466,0.1145,0
7.698e+20,1,0.015485,0.046485,0.1145,0
7.7476e+20,1,0.015504,0.046504,0.1145,0
7.7972e+20,1,0.015523,0.046523,0.1145,0
7.8467e+20,1,0.015542,0.046542,0.1145,0
7.8963e+20,1,0.015561,0.046561,0.1145,0
7.9467e+20,1,0.01558,0.04658,0.1145,0
7.9962e+20,1,0.015599,0.046599,0.1145,0
8.0447e+20,1,0.015618,0.046618,0.1145,0
8.094e+20,1,0.015637,0.046637,0.1145,0
8.1434e+20,1,0.015656,0.046656,0.1145,0
8.1927e+20,1,0.015675,0.046675,0.1145,0
8.2421e+20,1,0.015694,0.046694,0.1145,0
8.2914e+20,1,0.015713,0.046713,0.1145,0
8.3402e+20,1,0.015732,0.046732,0.1145,0
8.3884e+20,1,0.015751,0.046751,0.1145,0
8.4366e+20,1,0.01577,0.04677,0.1145,0
8.4848e+20,1,0.015789,0.046789,0.1145,0
8.5331e+20,1,0.015808,0.046808,0.1145,0
8.5813e+20,1,0.015827,0.046827,0.1145,0
8.6303e+20,1,0.015846,0.046846,0.1145,0
8.6785e+20,1,0.015865,0.046865,0.1145,0
8.7261e+20,1,0.015884,0.046884,0.1145,0
8.7743e+20,1,0.015903,0.046903,0.1145,0
8.8226e+20,1,0.015922,0.046922,0.1145,0
8.8708e+20,1,0.015941,0.046941,0.1145,0
8.9191e+20,1,0.01596,0.04696,0.1145,0
8.9673e+20,1,0.015979,0.046979,0.1145,0
9.0149e+20,1,0.015998,0.046998,0.1145,0
9.0622e+20,1,0.016017,0.047017,0.1145,0
9.1095e+20,1,0.016036,0.047036,0.1145,0
9.1569e+20,1,0.016055,0.047055,0.1145,0
9.2042e+20,1,0.016074,0.047074,0.1145,0
9.2516e+20,1,0.016093,0.047093,0.1145,0
9.2998e+20,1,0.016112,0.047112,0.1145,0
9.3472e+20,1,0.016131,0.047131,0.1145,0
9.394e+20,1,0.01615,0.04715,0.1145,0
9.4416e+20,1,0.016169,0.047169,0.1145,0
9.4891e+20,1,0.016188,0.047188,0.1145,0
9.5366e+20,1,0.016207,0.047207,0.1145,0
9.5842e+20,1,0.016226,0.047226,0.1145,0
9.6317e+20,1,0.016245,0.047245,0.1145,0
8.2988e+21,1,0.016264,0.047264,0.1145,0
8.3349e+21,1,0.016283,0.047283,0.1145,0
8.3709e+21,1,0.016302,0.047302,0.1145,0
8.4069e+21,1,0.016321,0.047321,0.1145,0
8.443e+21,1,0.01634,0.04734,0.1145,0
8.479e+21,1,0.016359,0.047359,0.1145,0
8.5156e+21,1,0.016378,0.047378,0.1145,0
8.5513e+21,1,0.016397,0.047397,0.1145,0
8.5831e+21,1,0.016416,0.047416,0.1145,0
8.6147e+21,1,0.016435,0.047435,0.1145,0
8.6467e+21,1,0.016454,0.047454,0.1145,0
8.6786e+21,1,0.016473,0.047473,0.1145,0
8.7106e+21,1,0.016492,0.047492,0.1145,0
8.7426e+21,1,0.016511,0.047511,0.1145,0
8.7746e+21,1,0.01653,0.04753,0.1145,0
8.8066e+21,1,0.016549,0.047549,0.1145,0
8.8346e+21,1,0.016568,0.047568,0.1145,0
8.8621e+21,1,0.016587,0.047587,0.1145,0
8.8895e+21,1,0.016606,0.047606,0.1145,0
8.917e+21,1,0.016625,0.047625,0.1145,0
8.9445e+21,1,0.016644,0.047644,0.1145,0
8.972e+21,1,0.016663,0.047663,0.1145,0
8.9998e+21,1,0.016682,0.047682,0.1145,0
9.0277e+21,1,0.016701,0.047701,0.1145,0
9.0556e+21,1,0.01672,0.04772,0.1145,0
9.0804e+21,1,0.016739,0.047739,0.1145,0
9.1042e+21,1,0.016758,0.047758,0.1145,0
9.1278e+21,1,0.016777,0.047777,0.1145,0
9.1514e+21,1,0.016796,0.047796,0.1145,0
9.175e+21,1,0.016815,0.047815,0.1145,0
9.1986e+21,1,0.016834,0.047834,0.1145,0
9.2222e+21,1,0.016853,0.047853,0.1145,0
9.2458e+21,1,0.016872,0.047872,0.1145,0
9.2694e+21,1,0.016891,0.047891,0.1145,0
9.293e+21,1,0.01691,0.04791,0.1145,0
9.3129e+21,1,0.016929,0.047929,0.1145,0
9.3327e+21,1,0.016948,0.047948,0.1145,0
9.3524e+21,1,0.016967,0.047967,0.1145,0
9.3721e+21,1,0.016986,0.047986,0.1145,0
9.3918e+21,1,0.017005,0.048005,0.1145,0
9.4115e+21,1,0.017024,0.048024,0.1145,0
9.4313e+21,1,0.017043,0.048043,0.1145,0
9.451e+21,1,0.017062,0.048062,0.1145,0
9.4707e+21,1,0.017081,0.048081,0.1145,0
9.4906e+21,1,0.0171,0.0481,0.1145,0
9.5099e+21,1,0.017119,0.048119,0.1145,0
9.5281e+21,1,0.017138,0.048138,0.1145,0
9.5437e+21,1,0.017157,0.048157,0.1145,0
9.5593e+21,1,0.017176,0.048176,0.1145,0
9.5749e+21,1,0.017195,0.048195,0.1145,0
9.5905e+21,1,0.017214,0.048214,0.1145,0
9.6061e+21,1,0.017233,0.048233,0.1145,0
9.6217e+21,1,0.017252,0.048252,0.1145,0
9.6374e+21,1,0.017271,0.048271,0.1145,0
9.6533e+21,1,0.01729,0.04829,0.1145,0
9.6691e+21,1,0.017309,0.048309,0.1145,0
9.685e+21,1,0.017328,0.048328,0.1145,0
9.7008e+21,1,0.017347,0.048347,0.1145,0
9.7167e+21,1,0.017366,0.048366,0.1145,0
9.7325e+21,1,0.017385,0.048385,0.1145,0
9.7471e+21,1,0.017404,0.048404,0.1145,0
9.76e+21,1,0.017423,0.048423,0.1145,0
9.7721e+21,1,0.017442,0.048442,0.1145,0
9.7842e+21,1,0.017461,0.048461,0.1145,0
9.7963e+21,1,0.01748,0.04848,0.1145,0
9.8085e+21,1,0.017499,0.048499,0.1145,0
9.8206e+21,1,0.017518,0.048518,0.1145,0
9.8327e+21,1,0.017537,0.048537,0.1145,0
9.8448e+21,1,0.017556,0.048556,0.1145,0
9.8569e+21,1,0.017575,0.048575,0.1145,0
9.8691e+21,1,0.017594,0.048594,0.1145,0
9.8812e+21,1,0.017613,0.048613,0.1145,0
9.8933e+21,1,0.017632,0.048632,0.1145,0
9.9054e+21,1,0.017651,0.048651,0.1145,0
9.9176e+21,1,0.01767,0.04867,0.1145,0
9.9266e+21,1,0.017689,0.048689,0.1145,0
9.9357e+21,1,0.017708,0.048708,0.1145,0
9.9448e+21,1,0.017727,0.048727,0.1145,0
9.9538e+21,1,0.017746,0.048746,0.1145,0
9.9629e+21,1,0.017765,0.048765,0.1145,0
9.972e+21,1,0.017784,0.048784,0.1145,0
9.981e+21,1,0.017803,0.048803,0.1145,0
9.9901e+21,1,0.017822,0.048822,0.1145,0
9.9991e+21,1,0.017841,0.048841,0.1145,0
1.0008e+22,1,0.01786,0.04886,0.1145,0
1.0017e+22,1,0.017879,0.048879,0.1145,0
1.0026e+22,1,0.017898,0.048898,0.1145,0
1.0034e+22,1,0.017917,0.048917,0.1145,0
1.0043e+22,1,0.017936,0.048936,0.1145,0
1.0052e+22,1,0.017955,0.048955,0.1145,0
1.0061e+22,1,0.017974,0.048974,0.1145,0
1.007e+22,1,0.017993,0.048993,0.1145,0
1.0077e+22,1,0.018012,0.049012,0.1145,0
1.0083e+22,1,0.018031,0.049031,0.1145,0
1.0089e+22,1,0.01805,0.04905,0.1145,0
1.0095e+22,1,0.018069,0.049069,0.1145,0
1.0101e+22,1,0.018088,0.049088,0.1145,0
1.0107e+22,1,0.018107,0.049107,0.1145,0
1.0113e+22,1,0.018126,0.049126,0.1145,0
1.0119e+22,1,0.018145,0.049145,0.1145,0
1.0125e+22,1,0.018164,0.049164,0.1145,0
1.0131e+22,1,0.018183,0.049183,0.1145,0
1.0136e+22,1,0.018202,0.049202,0.1145,0
1.0142e+22,1,0.018221,0.049221,0.1145,0
1.0148e+22,1,0.01824,0.04924,0.1145,0
1.0154e+22,1,0.018259,0.049259,0.1145,0
1.016e+22,1,0.018278,0.049278,0.1145,0
1.0166e+22,1,0.018297,0.049297,0.1145,0
1.0172e+22,1,0.018316,0.049316,0.1145,0
1.0178e+22,1,0.018335,0.049335,0.1145,0
1.0184e+22,1,0.018354,0.049354,0.1145,0
1.019e+22,1,0.018373,0.049373,0.1145,0
1.0194e+22,1,0.018392,0.049392,0.1145,0
1.0198e+22,1,0.018411,0.049411,0.1145,0
1.0202e+22,1,0.01843,0.04943,0.1145,0
1.0205e+22,1,0.018449,0.049449,0.1145,0
1.0209e+22,1,0.018468,0.049468,0.1145,0
1.0212e+22,1,0.018487,0.049487,0.1145,0
1.0216e+22,1,0.018506,0.049506,0.1145,0
1.022e+22,1,0.018525,0.049525,0.1145,0
1.0223e+22,1,0.018544,0.049544,0.1145,0
1.0227e+22,1,0.018563,0.049563,0.1145,0
1.023e+22,1,0.018582,0.049582,0.1145,0
1.0234e+22,1,0.018601,0.049601,0.1145,0
1.0238e+22,1,0.01862,0.04962,0.1145,0
1.0241e+22,1,0.018639,0.049639,0.1145,0
1.0245e+22,1,0.018658,0.049658,0.1145,0
1.0248e+22,1,0.018677,0.049677,0.1145,0
1.0252e+22,1,0.018696,0.049696,0.1145,0
1.0256e+22,1,0.018715,0.049715,0.1145,0
1.0259e+22,1,0.018734,0.049734,0.1145,0
1.0263e+22,1,0.018753,0.049753,0.1145,0
1.0267e+22,1,0.018772,0.049772,0.1145,0
1.0269e+22,1,0.018791,0.049791,0.1145,0
1.0271e+22,1,0.01881,0.04981,0.1145,0
1.0272e+22,1,0.018829,0.049829,0.1145,0
1.0274e+22,1,0.018848,0.049848,0.1145,0
1.0276e+22,1,0.018867,0.049867,0.1145,0
1.0278e+22,1,0.018886,0.049886,0.1145,0
1.028e+22,1,0.018905,0.049905,0.1145,0
1.0282e+22,1,0.018924,0.049924,0.1145,0
1.0284e+22,1,0.018943,0.049943,0.1145,0
1.0286e+22,1,0.018962,0.049962,0.1145,0
1.0287e+22,1,0.018981,0.049981,0.1145,0
1.0289e+22,1,0.019,0.05,0.1145,0
