"solute","vtkValidPointMask","arc_length","Points:0","Points:1","Points:2"
1.2857e+22,1,0,0.031,0.1145,0
1.2855e+22,1,5.5004e-06,0.031005,0.1145,0
1.2854e+22,1,1.1001e-05,0.031011,0.1145,0
1.2852e+22,1,1.6501e-05,0.031017,0.1145,0
1.2851e+22,1,2.2e-05,0.031022,0.1145,0
1.2849e+22,1,2.75e-05,0.031027,0.1145,0
1.2848e+22,1,3.3e-05,0.031033,0.1145,0
1.2847e+22,1,3.8501e-05,0.031039,0.1145,0
1.2845e+22,1,4.4001e-05,0.031044,0.1145,0
1.2844e+22,1,4.95e-05,0.031049,0.1145,0
1.2842e+22,1,5.5e-05,0.031055,0.1145,0
1.2841e+22,1,6.0501e-05,0.031061,0.1145,0
1.2839e+22,1,6.6001e-05,0.031066,0.1145,0
1.2838e+22,1,7.1501e-05,0.031072,0.1145,0
1.2836e+22,1,7.7e-05,0.031077,0.1145,0
1.2835e+22,1,8.25e-05,0.031082,0.1145,0
1.2833e+22,1,8.8001e-05,0.031088,0.1145,0
1.2832e+22,1,9.3501e-05,0.031094,0.1145,0
1.283e+22,1,9.9e-05,0.031099,0.1145,0
1.2829e+22,1,0.0001045,0.031104,0.1145,0
1.2827e+22,1,0.00011,0.03111,0.1145,0
1.2826e+22,1,0.0001155,0.031116,0.1145,0
1.2824e+22,1,0.000121,0.031121,0.1145,0
1.2823e+22,1,0.0001265,0.031126,0.1145,0
1.2821e+22,1,0.000132,0.031132,0.1145,0
1.282e+22,1,0.0001375,0.031137,0.1145,0
1.2818e+22,1,0.000143,0.031143,0.1145,0
1.2817e+22,1,0.0001485,0.031149,0.1145,0
1.2816e+22,1,0.000154,0.031154,0.1145,0
1.2814e+22,1,0.0001595,0.031159,0.1145,0
1.2813e+22,1,0.000165,0.031165,0.1145,0
1.2811e+22,1,0.0001705,0.031171,0.1145,0
1.281e+22,1,0.000176,0.031176,0.1145,0
1.2808e+22,1,0.0001815,0.031181,0.1145,0
1.2807e+22,1,0.000187,0.031187,0.1145,0
1.2805e+22,1,0.0001925,0.031193,0.1145,0
1.2804e+22,1,0.000198,0.031198,0.1145,0
1.2802e+22,1,0.0002035,0.031204,0.1145,0
1.2801e+22,1,0.000209,0.031209,0.1145,0
1.2799e+22,1,0.0002145,0.031214,0.1145,0
1.2798e+22,1,0.00022,0.03122,0.1145,0
1.2796e+22,1,0.0002255,0.031226,0.1145,0
1.2795e+22,1,0.000231,0.031231,0.1145,0
1.2793e+22,1,0.0002365,0.031236,0.1145,0
1.2792e+22,1,0.000242,0.031242,0.1145,0
1.279e+22,1,0.0002475,0.031248,0.1145,0
1.2789e+22,1,0.000253,0.031253,0.1145,0
1.2786e+22,1,0.0002585,0.031259,0.1145,0
1.2784e+22,1,0.000264,0.031264,0.1145,0
1.2782e+22,1,0.0002695,0.031269,0.1145,0
1.278e+22,1,0.000275,0.031275,0.1145,0
1.2778e+22,1,0.0002805,0.03128,0.1145,0
1.2776e+22,1,0.000286,0.031286,0.1145,0
1.2774e+22,1,0.0002915,0.031291,0.1145,0
1.2772e+22,1,0.000297,0.031297,0.1145,0
1.277e+22,1,0.0003025,0.031303,0.1145,0
1.2767e+22,1,0.000308,0.031308,0.1145,0
1.2765e+22,1,0.0003135,0.031314,0.1145,0
1.2763e+22,1,0.000319,0.031319,0.1145,0
1.2761e+22,1,0.0003245,0.031324,0.1145,0
1.2759e+22,1,0.00033,0.03133,0.1145,0
1.2757e+22,1,0.0003355,0.031335,0.1145,0
1.2755e+22,1,0.000341,0.031341,0.1145,0
1.2753e+22,1,0.0003465,0.031346,0.1145,0
1.2751e+22,1,0.000352,0.031352,0.1145,0
1.2748e+22,1,0.0003575,0.031358,0.1145,0
1.2746e+22,1,0.000363,0.031363,0.1145,0
1.2744e+22,1,0.0003685,0.031369,0.1145,0
1.2742e+22,1,0.000374,0.031374,0.1145,0
1.274e+22,1,0.0003795,0.031379,0.1145,0
1.2738e+22,1,0.000385,0.031385,0.1145,0
1.2736e+22,1,0.0003905,0.03139,0.1145,0
1.2734e+22,1,0.000396,0.031396,0.1145,0
1.2732e+22,1,0.0004015,0.031402,0.1145,0
1.2729e+22,1,0.000407,0.031407,0.1145,0
1.2727e+22,1,0.0004125,0.031413,0.1145,0
1.2725e+22,1,0.000418,0.031418,0.1145,0
1.2723e+22,1,0.0004235,0.031424,0.1145,0
1.2721e+22,1,0.000429,0.031429,0.1145,0
1.2719e+22,1,0.0004345,0.031434,0.1145,0
1.2717e+22,1,0.00044,0.03144,0.1145,0
1.2715e+22,1,0.0004455,0.031445,0.1145,0
1.2713e+22,1,0.000451,0.031451,0.1145,0
1.271e+22,1,0.0004565,0.031457,0.1145,0
1.2708e+22,1,0.000462,0.031462,0.1145,0
1.2706e+22,1,0.0004675,0.031468,0.1145,0
1.2704e+22,1,0.000473,0.031473,0.1145,0
1.2702e+22,1,0.0004785,0.031479,0.1145,0
1.27e+22,1,0.000484,0.031484,0.1145,0
1.2698e+22,1,0.0004895,0.031489,0.1145,0
1.2696e+22,1,0.000495,0.031495,0.1145,0
1.2694e+22,1,0.0005005,0.0315,0.1145,0
1.2691e+22,1,0.000506,0.031506,0.1145,0
1.2689e+22,1,0.0005115,0.031512,0.1145,0
1.2687e+22,1,0.000517,0.031517,0.1145,0
1.2685e+22,1,0.0005225,0.031523,0.1145,0
1.2683e+22,1,0.000528,0.031528,0.1145,0
1.2681e+22,1,0.0005335,0.031533,0.1145,0
1.2679e+22,1,0.000539,0.031539,0.1145,0
1.2677e+22,1,0.0005445,0.031544,0.1145,0
1.2675e+22,1,0.00055,0.03155,0.1145,0
1.2673e+22,1,0.0005555,0.031555,0.1145,0
1.2671e+22,1,0.000561,0.031561,0.1145,0
1.2669e+22,1,0.0005665,0.031567,0.1145,0
1.2666e+22,1,0.000572,0.031572,0.1145,0
1.2664e+22,1,0.0005775,0.031578,0.1145,0
1.2662e+22,1,0.000583,0.031583,0.1145,0
1.266e+22,1,0.0005885,0.031588,0.1145,0
1.2658e+22,1,0.000594,0.031594,0.1145,0
1.2656e+22,1,0.0005995,0.031599,0.1145,0
1.2653e+22,1,0.000605,0.031605,0.1145,0
1.2651e+22,1,0.0006105,0.031611,0.1145,0
1.2648e+22,1,0.000616,0.031616,0.1145,0
1.2645e+22,1,0.0006215,0.031622,0.1145,0
1.2642e+22,1,0.000627,0.031627,0.1145,0
1.264e+22,1,0.0006325,0.031633,0.1145,0
1.2637e+22,1,0.000638,0.031638,0.1145,0
1.2634e+22,1,0.0006435,0.031643,0.1145,0
1.2631e+22,1,0.000649,0.031649,0.1145,0
1.2628e+22,1,0.0006545,0.031654,0.1145,0
1.2626e+22,1,0.00066,0.03166,0.1145,0
1.2623e+22,1,0.0006655,0.031666,0.1145,0
1.262e+22,1,0.000671,0.031671,0.1145,0
1.2617e+22,1,0.0006765,0.031677,0.1145,0
1.2615e+22,1,0.000682,0.031682,0.1145,0
1.2612e+22,1,0.0006875,0.031688,0.1145,0
1.2609e+22,1,0.000693,0.031693,0.1145,0
1.2606e+22,1,0.0006985,0.031698,0.1145,0
1.2603e+22,1,0.000704,0.031704,0.1145,0
1.2601e+22,1,0.0007095,0.031709,0.1145,0
1.2598e+22,1,0.000715,0.031715,0.1145,0
1.2595e+22,1,0.0007205,0.031721,0.1145,0
1.2592e+22,1,0.000726,0.031726,0.1145,0
1.2589e+22,1,0.0007315,0.031732,0.1145,0
1.2587e+22,1,0.000737,0.031737,0.1145,0
1.2584e+22,1,0.0007425,0.031742,0.1145,0
1.2581e+22,1,0.000748,0.031748,0.1145,0
1.2578e+22,1,0.0007535,0.031753,0.1145,0
1.2575e+22,1,0.000759,0.031759,0.1145,0
1.2573e+22,1,0.0007645,0.031764,0.1145,0
1.257e+22,1,0.00077,0.03177,0.1145,0
1.2567e+22,1,0.0007755,0.031776,0.1145,0
1.2564e+22,1,0.000781,0.031781,0.1145,0
1.2562e+22,1,0.0007865,0.031787,0.1145,0
1.2559e+22,1,0.000792,0.031792,0.1145,0
1.2556e+22,1,0.0007975,0.031797,0.1145,0
1.2553e+22,1,0.000803,0.031803,0.1145,0
1.255e+22,1,0.0008085,0.031808,0.1145,0
1.2548e+22,1,0.000814,0.031814,0.1145,0
1.2545e+22,1,0.0008195,0.03182,0.1145,0
1.2542e+22,1,0.000825,0.031825,0.1145,0
1.2539e+22,1,0.0008305,0.031831,0.1145,0
1.2536e+22,1,0.000836,0.031836,0.1145,0
1.2534e+22,1,0.0008415,0.031842,0.1145,0
1.2531e+22,1,0.000847,0.031847,0.1145,0
1.2528e+22,1,0.0008525,0.031852,0.1145,0
1.2525e+22,1,0.000858,0.031858,0.1145,0
1.2523e+22,1,0.0008635,0.031863,0.1145,0
1.252e+22,1,0.000869,0.031869,0.1145,0
1.2517e+22,1,0.0008745,0.031875,0.1145,0
1.2514e+22,1,0.00088,0.03188,0.1145,0
1.2511e+22,1,0.0008855,0.031886,0.1145,0
1.2509e+22,1,0.000891,0.031891,0.1145,0
1.2506e+22,1,0.0008965,0.031897,0.1145,0
1.2503e+22,1,0.000902,0.031902,0.1145,0
1.25e+22,1,0.0009075,0.031907,0.1145,0
1.2497e+22,1,0.000913,0.031913,0.1145,0
1.2494e+22,1,0.0009185,0.031918,0.1145,0
1.2491e+22,1,0.000924,0.031924,0.1145,0
1.2487e+22,1,0.0009295,0.03193,0.1145,0
1.2484e+22,1,0.000935,0.031935,0.1145,0
1.248e+22,1,0.0009405,0.031941,0.1145,0
1.2477e+22,1,0.000946,0.031946,0.1145,0
1.2473e+22,1,0.0009515,0.031951,0.1145,0
1.2469e+22,1,0.000957,0.031957,0.1145,0
1.2466e+22,1,0.0009625,0.031962,0.1145,0
1.2462e+22,1,0.000968,0.031968,0.1145,0
1.2459e+22,1,0.0009735,0.031973,0.1145,0
1.2455e+22,1,0.000979,0.031979,0.1145,0
1.2452e+22,1,0.0009845,0.031985,0.1145,0
1.2448e+22,1,0.00099,0.03199,0.1145,0
1.2445e+22,1,0.0009955,0.031996,0.1145,0
1.2441e+22,1,0.001001,0.032001,0.1145,0
1.2438e+22,1,0.0010065,0.032006,0.1145,0
1.2434e+22,1,0.001012,0.032012,0.1145,0
1.2431e+22,1,0.0010175,0.032017,0.1145,0
1.2427e+22,1,0.001023,0.032023,0.1145,0
1.2424e+22,1,0.0010285,0.032028,0.1145,0
1.242e+22,1,0.001034,0.032034,0.1145,0
1.2417e+22,1,0.0010395,0.03204,0.1145,0
1.2413e+22,1,0.001045,0.032045,0.1145,0
1.241e+22,1,0.0010505,0.032051,0.1145,0
1.2406e+22,1,0.001056,0.032056,0.1145,0
1.2403e+22,1,0.0010615,0.032061,0.1145,0
1.2399e+22,1,0.001067,0.032067,0.1145,0
1.2396e+22,1,0.0010725,0.032072,0.1145,0
1.2392e+22,1,0.001078,0.032078,0.1145,0
1.2389e+22,1,0.0010835,0.032084,0.1145,0
1.2385e+22,1,0.001089,0.032089,0.1145,0
1.2381e+22,1,0.0010945,0.032095,0.1145,0
1.2378e+22,1,0.0011,0.0321,0.1145,0
1.2374e+22,1,0.0011055,0.032106,0.1145,0
1.2371e+22,1,0.001111,0.032111,0.1145,0
1.2367e+22,1,0.0011165,0.032116,0.1145,0
1.2364e+22,1,0.001122,0.032122,0.1145,0
1.236e+22,1,0.0011275,0.032127,0.1145,0
1.2357e+22,1,0.001133,0.032133,0.1145,0
1.2353e+22,1,0.0011385,0.032139,0.1145,0
1.235e+22,1,0.001144,0.032144,0.1145,0
1.2346e+22,1,0.0011495,0.03215,0.1145,0
1.2343e+22,1,0.001155,0.032155,0.1145,0
1.2339e+22,1,0.0011605,0.03216,0.1145,0
1.2336e+22,1,0.001166,0.032166,0.1145,0
1.2332e+22,1,0.0011715,0.032171,0.1145,0
1.2329e+22,1,0.001177,0.032177,0.1145,0
1.2325e+22,1,0.0011825,0.032182,0.1145,0
1.2321e+22,1,0.001188,0.032188,0.1145,0
1.2318e+22,1,0.0011935,0.032194,0.1145,0
1.2313e+22,1,0.001199,0.032199,0.1145,0
1.2309e+22,1,0.0012045,0.032205,0.1145,0
1.2305e+22,1,0.00121,0.03221,0.1145,0
1.23e+22,1,0.0012155,0.032215,0.1145,0
1.2296e+22,1,0.001221,0.032221,0.1145,0
1.2291e+22,1,0.0012265,0.032226,0.1145,0
1.2287e+22,1,0.001232,0.032232,0.1145,0
1.2283e+22,1,0.0012375,0.032237,0.1145,0
1.2278e+22,1,0.001243,0.032243,0.1145,0
1.2274e+22,1,0.0012485,0.032249,0.1145,0
1.2269e+22,1,0.001254,0.032254,0.1145,0
1.2265e+22,1,0.0012595,0.03226,0.1145,0
1.2261e+22,1,0.001265,0.032265,0.1145,0
1.2256e+22,1,0.0012705,0.03227,0.1145,0
1.2252e+22,1,0.001276,0.032276,0.1145,0
1.2247e+22,1,0.0012815,0.032281,0.1145,0
1.2243e+22,1,0.001287,0.032287,0.1145,0
1.2238e+22,1,0.0012925,0.032293,0.1145,0
1.2234e+22,1,0.001298,0.032298,0.1145,0
1.223e+22,1,0.0013035,0.032304,0.1145,0
1.2225e+22,1,0.001309,0.032309,0.1145,0
1.2221e+22,1,0.0013145,0.032315,0.1145,0
1.2217e+22,1,0.00132,0.03232,0.1145,0
1.2212e+22,1,0.0013255,0.032325,0.1145,0
1.2208e+22,1,0.001331,0.032331,0.1145,0
1.2204e+22,1,0.0013365,0.032336,0.1145,0
1.2199e+22,1,0.001342,0.032342,0.1145,0
1.2195e+22,1,0.0013475,0.032348,0.1145,0
1.2191e+22,1,0.001353,0.032353,0.1145,0
1.2186e+22,1,0.0013585,0.032359,0.1145,0
1.2182e+22,1,0.001364,0.032364,0.1145,0
1.2177e+22,1,0.0013695,0.032369,0.1145,0
1.2173e+22,1,0.001375,0.032375,0.1145,0
1.2169e+22,1,0.0013805,0.03238,0.1145,0
1.2164e+22,1,0.001386,0.032386,0.1145,0
1.216e+22,1,0.0013915,0.032391,0.1145,0
1.2156e+22,1,0.001397,0.032397,0.1145,0
1.2151e+22,1,0.0014025,0.032403,0.1145,0
1.2147e+22,1,0.001408,0.032408,0.1145,0
1.2143e+22,1,0.0014135,0.032414,0.1145,0
1.2138e+22,1,0.001419,0.032419,0.1145,0
1.2134e+22,1,0.0014245,0.032424,0.1145,0
1.213e+22,1,0.00143,0.03243,0.1145,0
1.2125e+22,1,0.0014355,0.032435,0.1145,0
1.2121e+22,1,0.001441,0.032441,0.1145,0
1.2117e+22,1,0.0014465,0.032446,0.1145,0
1.2112e+22,1,0.001452,0.032452,0.1145,0
1.2108e+22,1,0.0014575,0.032458,0.1145,0
1.2103e+22,1,0.001463,0.032463,0.1145,0
1.2098e+22,1,0.0014685,0.032469,0.1145,0
1.2092e+22,1,0.001474,0.032474,0.1145,0
1.2087e+22,1,0.0014795,0.032479,0.1145,0
1.2082e+22,1,0.001485,0.032485,0.1145,0
1.2076e+22,1,0.0014905,0.03249,0.1145,0
1.2071e+22,1,0.001496,0.032496,0.1145,0
1.2066e+22,1,0.0015015,0.032502,0.1145,0
1.206e+22,1,0.001507,0.032507,0.1145,0
1.2055e+22,1,0.0015125,0.032513,0.1145,0
1.205e+22,1,0.001518,0.032518,0.1145,0
1.2044e+22,1,0.0015235,0.032524,0.1145,0
1.2039e+22,1,0.001529,0.032529,0.1145,0
1.2034e+22,1,0.0015345,0.032534,0.1145,0
1.2029e+22,1,0.00154,0.03254,0.1145,0
1.2023e+22,1,0.0015455,0.032545,0.1145,0
1.2018e+22,1,0.001551,0.032551,0.1145,0
1.2013e+22,1,0.0015565,0.032557,0.1145,0
1.2007e+22,1,0.001562,0.032562,0.1145,0
1.2002e+22,1,0.0015675,0.032568,0.1145,0
1.1997e+22,1,0.001573,0.032573,0.1145,0
1.1991e+22,1,0.0015785,0.032579,0.1145,0
1.1986e+22,1,0.001584,0.032584,0.1145,0
1.1981e+22,1,0.0015895,0.032589,0.1145,0
1.1975e+22,1,0.001595,0.032595,0.1145,0
1.197e+22,1,0.0016005,0.0326,0.1145,0
1.1965e+22,1,0.001606,0.032606,0.1145,0
1.1959e+22,1,0.0016115,0.032612,0.1145,0
1.1954e+22,1,0.001617,0.032617,0.1145,0
1.1949e+22,1,0.0016225,0.032623,0.1145,0
1.1943e+22,1,0.001628,0.032628,0.1145,0
1.1938e+22,1,0.0016335,0.032633,0.1145,0
1.1933e+22,1,0.001639,0.032639,0.1145,0
1.1927e+22,1,0.0016445,0.032644,0.1145,0
1.1922e+22,1,0.00165,0.03265,0.1145,0
1.1917e+22,1,0.0016555,0.032655,0.1145,0
1.1911e+22,1,0.001661,0.032661,0.1145,0
1.1906e+22,1,0.0016665,0.032667,0.1145,0
1.1901e+22,1,0.001672,0.032672,0.1145,0
1.1895e+22,1,0.0016775,0.032678,0.1145,0
1.189e+22,1,0.001683,0.032683,0.1145,0
1.1885e+22,1,0.0016885,0.032688,0.1145,0
1.1879e+22,1,0.001694,0.032694,0.1145,0
1.1874e+22,1,0.0016995,0.032699,0.1145,0
1.1867e+22,1,0.001705,0.032705,0.1145,0
1.1861e+22,1,0.0017105,0.032711,0.1145,0
1.1855e+22,1,0.001716,0.032716,0.1145,0
1.1848e+22,1,0.0017215,0.032722,0.1145,0
1.1842e+22,1,0.001727,0.032727,0.1145,0
1.1836e+22,1,0.0017325,0.032733,0.1145,0
1.1829e+22,1,0.001738,0.032738,0.1145,0
1.1823e+22,1,0.0017435,0.032743,0.1145,0
1.1816e+22,1,0.001749,0.032749,0.1145,0
1.181e+22,1,0.0017545,0.032754,0.1145,0
1.1804e+22,1,0.00176,0.03276,0.1145,0
1.1797e+22,1,0.0017655,0.032766,0.1145,0
1.1791e+22,1,0.001771,0.032771,0.1145,0
1.1785e+22,1,0.0017765,0.032777,0.1145,0
1.1778e+22,1,0.001782,0.032782,0.1145,0
1.1772e+22,1,0.0017875,0.032788,0.1145,0
1.1766e+22,1,0.001793,0.032793,0.1145,0
1.1759e+22,1,0.0017985,0.032798,0.1145,0
1.1753e+22,1,0.001804,0.032804,0.1145,0
1.1747e+22,1,0.0018095,0.032809,0.1145,0
1.174e+22,1,0.001815,0.032815,0.1145,0
1.1734e+22,1,0.0018205,0.032821,0.1145,0
1.1727e+22,1,0.001826,0.032826,0.1145,0
1.1721e+22,1,0.0018315,0.032832,0.1145,0
1.1715e+22,1,0.001837,0.032837,0.1145,0
1.1709e+22,1,0.0018425,0.032842,0.1145,0
1.1702e+22,1,0.001848,0.032848,0.1145,0
1.1696e+22,1,0.0018535,0.032853,0.1145,0
1.169e+22,1,0.001859,0.032859,0.1145,0
1.1683e+22,1,0.0018645,0.032864,0.1145,0
1.1677e+22,1,0.00187,0.03287,0.1145,0
1.1671e+22,1,0.0018755,0.032876,0.1145,0
1.1665e+22,1,0.001881,0.032881,0.1145,0
1.1658e+22,1,0.0018865,0.032887,0.1145,0
1.1652e+22,1,0.001892,0.032892,0.1145,0
1.1646e+22,1,0.0018975,0.032897,0.1145,0
1.1639e+22,1,0.001903,0.032903,0.1145,0
1.1633e+22,1,0.0019085,0.032908,0.1145,0
1.1625e+22,1,0.001914,0.032914,0.1145,0
1.1618e+22,1,0.0019195,0.03292,0.1145,0
1.161e+22,1,0.001925,0.032925,0.1145,0
1.1603e+22,1,0.0019305,0.032931,0.1145,0
1.1596e+22,1,0.001936,0.032936,0.1145,0
1.1588e+22,1,0.0019415,0.032942,0.1145,0
1.1581e+22,1,0.001947,0.032947,0.1145,0
1.1573e+22,1,0.0019525,0.032952,0.1145,0
1.1566e+22,1,0.001958,0.032958,0.1145,0
1.1558e+22,1,0.0019635,0.032963,0.1145,0
1.1551e+22,1,0.001969,0.032969,0.1145,0
1.1544e+22,1,0.0019745,0.032975,0.1145,0
1.1536e+22,1,0.00198,0.03298,0.1145,0
1.1529e+22,1,0.0019855,0.032986,0.1145,0
1.1521e+22,1,0.001991,0.032991,0.1145,0
1.1514e+22,1,0.0019965,0.032997,0.1145,0
1.1507e+22,1,0.002002,0.033002,0.1145,0
1.1499e+22,1,0.0020075,0.033007,0.1145,0
1.1492e+22,1,0.002013,0.033013,0.1145,0
1.1484e+22,1,0.0020185,0.033018,0.1145,0
1.1477e+22,1,0.002024,0.033024,0.1145,0
1.147e+22,1,0.0020295,0.03303,0.1145,0
1.1462e+22,1,0.002035,0.033035,0.1145,0
1.1455e+22,1,0.0020405,0.033041,0.1145,0
1.1447e+22,1,0.002046,0.033046,0.1145,0
1.144e+22,1,0.0020515,0.033051,0.1145,0
1.1433e+22,1,0.002057,0.033057,0.1145,0
1.1425e+22,1,0.0020625,0.033062,0.1145,0
1.1418e+22,1,0.002068,0.033068,0.1145,0
1.141e+22,1,0.0020735,0.033073,0.1145,0
1.1403e+22,1,0.002079,0.033079,0.1145,0
1.1396e+22,1,0.0020845,0.033085,0.1145,0
1.1388e+22,1,0.00209,0.03309,0.1145,0
1.1381e+22,1,0.0020955,0.033096,0.1145,0
1.1373e+22,1,0.002101,0.033101,0.1145,0
1.1365e+22,1,0.0021065,0.033106,0.1145,0
1.1357e+22,1,0.002112,0.033112,0.1145,0
1.1348e+22,1,0.0021175,0.033117,0.1145,0
1.1339e+22,1,0.002123,0.033123,0.1145,0
1.1331e+22,1,0.0021285,0.033128,0.1145,0
1.1322e+22,1,0.002134,0.033134,0.1145,0
1.1313e+22,1,0.0021395,0.03314,0.1145,0
1.1305e+22,1,0.002145,0.033145,0.1145,0
1.1296e+22,1,0.0021505,0.033151,0.1145,0
1.1288e+22,1,0.002156,0.033156,0.1145,0
1.1279e+22,1,0.0021615,0.033161,0.1145,0
1.127e+22,1,0.002167,0.033167,0.1145,0
1.1262e+22,1,0.0021725,0.033172,0.1145,0
1.1253e+22,1,0.002178,0.033178,0.1145,0
1.1244e+22,1,0.0021835,0.033184,0.1145,0
1.1236e+22,1,0.002189,0.033189,0.1145,0
1.1227e+22,1,0.0021945,0.033195,0.1145,0
1.1219e+22,1,0.0022,0.0332,0.1145,0
1.121e+22,1,0.0022055,0.033206,0.1145,0
1.1201e+22,1,0.002211,0.033211,0.1145,0
1.1193e+22,1,0.0022165,0.033216,0.1145,0
1.1184e+22,1,0.002222,0.033222,0.1145,0
1.1176e+22,1,0.0022275,0.033227,0.1145,0
1.1167e+22,1,0.002233,0.033233,0.1145,0
1.1159e+22,1,0.0022385,0.033239,0.1145,0
1.115e+22,1,0.002244,0.033244,0.1145,0
1.1141e+22,1,0.0022495,0.03325,0.1145,0
1.1133e+22,1,0.002255,0.033255,0.1145,0
1.1124e+22,1,0.0022605,0.03326,0.1145,0
1.1116e+22,1,0.002266,0.033266,0.1145,0
1.1107e+22,1,0.0022715,0.033271,0.1145,0
1.1099e+22,1,0.002277,0.033277,0.1145,0
1.109e+22,1,0.0022825,0.033282,0.1145,0
1.1081e+22,1,0.002288,0.033288,0.1145,0
1.1071e+22,1,0.0022935,0.033294,0.1145,0
1.1061e+22,1,0.002299,0.033299,0.1145,0
1.1051e+22,1,0.0023045,0.033305,0.1145,0
1.1041e+22,1,0.00231,0.03331,0.1145,0
1.1032e+22,1,0.0023155,0.033315,0.1145,0
1.1022e+22,1,0.002321,0.033321,0.1145,0
1.1012e+22,1,0.0023265,0.033326,0.1145,0
1.1002e+22,1,0.002332,0.033332,0.1145,0
1.0992e+22,1,0.0023375,0.033337,0.1145,0
1.0982e+22,1,0.002343,0.033343,0.1145,0
1.0972e+22,1,0.0023485,0.033349,0.1145,0
1.0962e+22,1,0.002354,0.033354,0.1145,0
1.0953e+22,1,0.0023595,0.03336,0.1145,0
1.0943e+22,1,0.002365,0.033365,0.1145,0
1.0933e+22,1,0.0023705,0.03337,0.1145,0
1.0923e+22,1,0.002376,0.033376,0.1145,0
1.0913e+22,1,0.0023815,0.033381,0.1145,0
1.0904e+22,1,0.002387,0.033387,0.1145,0
1.0894e+22,1,0.0023925,0.033393,0.1145,0
1.0884e+22,1,0.002398,0.033398,0.1145,0
1.0874e+22,1,0.0024035,0.033404,0.1145,0
1.0864e+22,1,0.002409,0.033409,0.1145,0
1.0855e+22,1,0.0024145,0.033415,0.1145,0
1.0845e+22,1,0.00242,0.03342,0.1145,0
1.0835e+22,1,0.0024255,0.033425,0.1145,0
1.0825e+22,1,0.002431,0.033431,0.1145,0
1.0815e+22,1,0.0024365,0.033436,0.1145,0
1.0806e+22,1,0.002442,0.033442,0.1145,0
1.0796e+22,1,0.0024475,0.033448,0.1145,0
1.0786e+22,1,0.002453,0.033453,0.1145,0
1.0775e+22,1,0.0024585,0.033459,0.1145,0
1.0764e+22,1,0.002464,0.033464,0.1145,0
1.0752e+22,1,0.0024695,0.033469,0.1145,0
1.0741e+22,1,0.002475,0.033475,0.1145,0
1.073e+22,1,0.0024805,0.03348,0.1145,0
1.0719e+22,1,0.002486,0.033486,0.1145,0
1.0708e+22,1,0.0024915,0.033491,0.1145,0
1.0697e+22,1,0.002497,0.033497,0.1145,0
1.0685e+22,1,0.0025025,0.033503,0.1145,0
1.0674e+22,1,0.002508,0.033508,0.1145,0
1.0663e+22,1,0.0025135,0.033514,0.1145,0
1.0652e+22,1,0.002519,0.033519,0.1145,0
1.0641e+22,1,0.0025245,0.033524,0.1145,0
1.0629e+22,1,0.00253,0.03353,0.1145,0
1.0618e+22,1,0.0025355,0.033535,0.1145,0
1.0607e+22,1,0.002541,0.033541,0.1145,0
1.0596e+22,1,0.0025465,0.033546,0.1145,0
1.0585e+22,1,0.002552,0.033552,0.1145,0
1.0574e+22,1,0.0025575,0.033558,0.1145,0
1.0563e+22,1,0.002563,0.033563,0.1145,0
1.0551e+22,1,0.0025685,0.033569,0.1145,0
1.054e+22,1,0.002574,0.033574,0.1145,0
1.0529e+22,1,0.0025795,0.033579,0.1145,0
1.0518e+22,1,0.002585,0.033585,0.1145,0
1.0507e+22,1,0.0025905,0.03359,0.1145,0
1.0496e+22,1,0.002596,0.033596,0.1145,0
1.0485e+22,1,0.0026015,0.033602,0.1145,0
1.0474e+22,1,0.002607,0.033607,0.1145,0
1.0461e+22,1,0.0026125,0.033613,0.1145,0
1.0448e+22,1,0.002618,0.033618,0.1145,0
1.0436e+22,1,0.0026235,0.033624,0.1145,0
1.0423e+22,1,0.002629,0.033629,0.1145,0
1.0411e+22,1,0.0026345,0.033634,0.1145,0
1.0398e+22,1,0.00264,0.03364,0.1145,0
1.0386e+22,1,0.0026455,0.033645,0.1145,0
1.0373e+22,1,0.002651,0.033651,0.1145,0
1.036e+22,1,0.0026565,0.033657,0.1145,0
1.0348e+22,1,0.002662,0.033662,0.1145,0
1.0336e+22,1,0.0026675,0.033668,0.1145,0
1.0323e+22,1,0.002673,0.033673,0.1145,0
1.0311e+22,1,0.0026785,0.033679,0.1145,0
1.0298e+22,1,0.002684,0.033684,0.1145,0
1.0286e+22,1,0.0026895,0.033689,0.1145,0
1.0273e+22,1,0.002695,0.033695,0.1145,0
1.0261e+22,1,0.0027005,0.0337,0.1145,0
1.0248e+22,1,0.002706,0.033706,0.1145,0
1.0236e+22,1,0.0027115,0.033712,0.1145,0
1.0223e+22,1,0.002717,0.033717,0.1145,0
1.0211e+22,1,0.0027225,0.033723,0.1145,0
1.0199e+22,1,0.002728,0.033728,0.1145,0
1.0186e+22,1,0.0027335,0.033733,0.1145,0
1.0174e+22,1,0.002739,0.033739,0.1145,0
1.0161e+22,1,0.0027445,0.033744,0.1145,0
1.0149e+22,1,0.00275,0.03375,0.1145,0
8.6069e+20,1,0.0027555,0.033755,0.1145,0
8.5925e+20,1,0.002761,0.033761,0.1145,0
8.578e+20,1,0.0027665,0.033767,0.1145,0
8.5635e+20,1,0.002772,0.033772,0.1145,0
8.5491e+20,1,0.0027775,0.033778,0.1145,0
8.5346e+20,1,0.002783,0.033783,0.1145,0
8.5202e+20,1,0.0027885,0.033788,0.1145,0
8.5057e+20,1,0.002794,0.033794,0.1145,0
8.4913e+20,1,0.0027995,0.033799,0.1145,0
8.4768e+20,1,0.002805,0.033805,0.1145,0
8.4623e+20,1,0.0028105,0.033811,0.1145,0
8.4479e+20,1,0.002816,0.033816,0.1145,0
8.4334e+20,1,0.0028215,0.033822,0.1145,0
8.419e+20,1,0.002827,0.033827,0.1145,0
8.4045e+20,1,0.0028325,0.033833,0.1145,0
8.3901e+20,1,0.002838,0.033838,0.1145,0
8.3759e+20,1,0.0028435,0.033843,0.1145,0
8.3616e+20,1,0.002849,0.033849,0.1145,0
8.3473e+20,1,0.0028545,0.033854,0.1145,0
8.333e+20,1,0.00286,0.03386,0.1145,0
8.3187e+20,1,0.0028655,0.033866,0.1145,0
8.3044e+20,1,0.002871,0.033871,0.1145,0
8.29e+20,1,0.0028765,0.033877,0.1145,0
8.2757e+20,1,0.002882,0.033882,0.1145,0
8.2614e+20,1,0.0028875,0.033888,0.1145,0
8.247e+20,1,0.002893,0.033893,0.1145,0
8.2325e+20,1,0.0028985,0.033898,0.1145,0
8.218e+20,1,0.002904,0.033904,0.1145,0
8.2035e+20,1,0.0029095,0.033909,0.1145,0
8.189e+20,1,0.002915,0.033915,0.1145,0
8.1745e+20,1,0.0029205,0.033921,0.1145,0
8.16e+20,1,0.002926,0.033926,0.1145,0
8.1455e+20,1,0.0029315,0.033932,0.1145,0
8.1308e+20,1,0.002937,0.033937,0.1145,0
8.1165e+20,1,0.0029425,0.033942,0.1145,0
8.1021e+20,1,0.002948,0.033948,0.1145,0
8.0878e+20,1,0.0029535,0.033953,0.1145,0
8.0734e+20,1,0.002959,0.033959,0.1145,0
8.0591e+20,1,0.0029645,0.033964,0.1145,0
8.0447e+20,1,0.00297,0.03397,0.1145,0
8.0304e+20,1,0.0029755,0.033976,0.1145,0
8.016e+20,1,0.002981,0.033981,0.1145,0
8.0016e+20,1,0.0029865,0.033987,0.1145,0
7.9873e+20,1,0.002992,0.033992,0.1145,0
7.9729e+20,1,0.0029975,0.033997,0.1145,0
7.9586e+20,1,0.003003,0.034003,0.1145,0
7.9442e+20,1,0.0030085,0.034008,0.1145,0
7.9299e+20,1,0.003014,0.034014,0.1145,0
7.9155e+20,1,0.0030195,0.03402,0.1145,0
7.9009e+20,1,0.003025,0.034025,0.1145,0
7.8864e+20,1,0.0030305,0.034031,0.1145,0
7.8718e+20,1,0.003036,0.034036,0.1145,0
7.8573e+20,1,0.0030415,0.034042,0.1145,0
7.8427e+20,1,0.003047,0.034047,0.1145,0
7.8281e+20,1,0.0030525,0.034052,0.1145,0
7.8136e+20,1,0.003058,0.034058,0.1145,0
7.799e+20,1,0.0030635,0.034063,0.1145,0
7.7845e+20,1,0.003069,0.034069,0.1145,0
7.7699e+20,1,0.0030745,0.034075,0.1145,0
7.7554e+20,1,0.00308,0.03408,0.1145,0
7.7408e+20,1,0.0030855,0.034086,0.1145,0
7.7262e+20,1,0.003091,0.034091,0.1145,0
7.7117e+20,1,0.0030965,0.034097,0.1145,0
7.6971e+20,1,0.003102,0.034102,0.1145,0
7.6826e+20,1,0.0031075,0.034107,0.1145,0
7.6683e+20,1,0.003113,0.034113,0.1145,0
7.6539e+20,1,0.0031185,0.034118,0.1145,0
7.6395e+20,1,0.003124,0.034124,0.1145,0
7.6251e+20,1,0.0031295,0.03413,0.1145,0
7.6107e+20,1,0.003135,0.034135,0.1145,0
7.5963e+20,1,0.0031405,0.034141,0.1145,0
7.5819e+20,1,0.003146,0.034146,0.1145,0
7.5672e+20,1,0.0031515,0.034151,0.1145,0
7.5526e+20,1,0.003157,0.034157,0.1145,0
7.5379e+20,1,0.0031625,0.034162,0.1145,0
7.5233e+20,1,0.003168,0.034168,0.1145,0
7.5087e+20,1,0.0031735,0.034173,0.1145,0
7.494e+20,1,0.003179,0.034179,0.1145,0
7.4792e+20,1,0.0031845,0.034185,0.1145,0
7.4647e+20,1,0.00319,0.03419,0.1145,0
7.4502e+20,1,0.0031955,0.034196,0.1145,0
7.4357e+20,1,0.003201,0.034201,0.1145,0
7.4213e+20,1,0.0032065,0.034206,0.1145,0
7.4068e+20,1,0.003212,0.034212,0.1145,0
7.3923e+20,1,0.0032175,0.034217,0.1145,0
7.3778e+20,1,0.003223,0.034223,0.1145,0
7.3633e+20,1,0.0032285,0.034228,0.1145,0
7.3488e+20,1,0.003234,0.034234,0.1145,0
7.3343e+20,1,0.0032395,0.03424,0.1145,0
7.3198e+20,1,0.003245,0.034245,0.1145,0
7.3053e+20,1,0.0032505,0.034251,0.1145,0
7.2909e+20,1,0.003256,0.034256,0.1145,0
7.2764e+20,1,0.0032615,0.034261,0.1145,0
7.2619e+20,1,0.003267,0.034267,0.1145,0
7.2474e+20,1,0.0032725,0.034272,0.1145,0
7.2328e+20,1,0.003278,0.034278,0.1145,0
7.2181e+20,1,0.0032835,0.034284,0.1145,0
7.2034e+20,1,0.003289,0.034289,0.1145,0
7.1886e+20,1,0.0032945,0.034295,0.1145,0
7.1739e+20,1,0.0033,0.0343,0.1145,0
7.1592e+20,1,0.0033055,0.034306,0.1145,0
7.1444e+20,1,0.003311,0.034311,0.1145,0
7.1297e+20,1,0.0033165,0.034316,0.1145,0
7.115e+20,1,0.003322,0.034322,0.1145,0
7.1002e+20,1,0.0033275,0.034327,0.1145,0
7.0855e+20,1,0.003333,0.034333,0.1145,0
7.0707e+20,1,0.0033385,0.034339,0.1145,0
7.056e+20,1,0.003344,0.034344,0.1145,0
7.0413e+20,1,0.0033495,0.03435,0.1145,0
7.0265e+20,1,0.003355,0.034355,0.1145,0
7.0118e+20,1,0.0033605,0.03436,0.1145,0
6.9971e+20,1,0.003366,0.034366,0.1145,0
6.9823e+20,1,0.0033715,0.034371,0.1145,0
6.9676e+20,1,0.003377,0.034377,0.1145,0
6.9534e+20,1,0.0033825,0.034382,0.1145,0
6.9388e+20,1,0.003388,0.034388,0.1145,0
6.9242e+20,1,0.0033935,0.034394,0.1145,0
6.9097e+20,1,0.003399,0.034399,0.1145,0
6.8949e+20,1,0.0034045,0.034405,0.1145,0
6.8801e+20,1,0.00341,0.03441,0.1145,0
6.8652e+20,1,0.0034155,0.034415,0.1145,0
6.8504e+20,1,0.003421,0.034421,0.1145,0
6.8355e+20,1,0.0034265,0.034426,0.1145,0
6.8204e+20,1,0.003432,0.034432,0.1145,0
6.8057e+20,1,0.0034375,0.034437,0.1145,0
6.791e+20,1,0.003443,0.034443,0.1145,0
6.7763e+20,1,0.0034485,0.034449,0.1145,0
6.7616e+20,1,0.003454,0.034454,0.1145,0
6.7469e+20,1,0.0034595,0.03446,0.1145,0
6.7322e+20,1,0.003465,0.034465,0.1145,0
6.7175e+20,1,0.0034705,0.03447,0.1145,0
6.7028e+20,1,0.003476,0.034476,0.1145,0
6.6881e+20,1,0.0034815,0.034481,0.1145,0
6.6734e+20,1,0.003487,0.034487,0.1145,0
6.6587e+20,1,0.0034925,0.034493,0.1145,0
6.644e+20,1,0.003498,0.034498,0.1145,0
6.6293e+20,1,0.0035035,0.034504,0.1145,0
6.6146e+20,1,0.003509,0.034509,0.1145,0
6.5999e+20,1,0.0035145,0.034515,0.1145,0
6.5852e+20,1,0.00352,0.03452,0.1145,0
6.5705e+20,1,0.0035255,0.034525,0.1145,0
6.5558e+20,1,0.003531,0.034531,0.1145,0
6.541e+20,1,0.0035365,0.034536,0.1145,0
6.526e+20,1,0.003542,0.034542,0.1145,0
6.511e+20,1,0.0035475,0.034548,0.1145,0
6.496e+20,1,0.003553,0.034553,0.1145,0
6.481e+20,1,0.0035585,0.034559,0.1145,0
6.466e+20,1,0.003564,0.034564,0.1145,0
6.4511e+20,1,0.0035695,0.034569,0.1145,0
6.4361e+20,1,0.003575,0.034575,0.1145,0
6.4211e+20,1,0.0035805,0.03458,0.1145,0
6.4061e+20,1,0.003586,0.034586,0.1145,0
6.3911e+20,1,0.0035915,0.034591,0.1145,0
6.3761e+20,1,0.003597,0.034597,0.1145,0
6.3612e+20,1,0.0036025,0.034603,0.1145,0
6.3462e+20,1,0.003608,0.034608,0.1145,0
6.3312e+20,1,0.0036135,0.034614,0.1145,0
6.3162e+20,1,0.003619,0.034619,0.1145,0
6.3012e+20,1,0.0036245,0.034624,0.1145,0
6.2862e+20,1,0.00363,0.03463,0.1145,0
6.2713e+20,1,0.0036355,0.034635,0.1145,0
6.2569e+20,1,0.003641,0.034641,0.1145,0
6.242e+20,1,0.0036465,0.034646,0.1145,0
6.2272e+20,1,0.003652,0.034652,0.1145,0
6.2121e+20,1,0.0036575,0.034658,0.1145,0
6.1969e+20,1,0.003663,0.034663,0.1145,0
6.1818e+20,1,0.0036685,0.034669,0.1145,0
6.1667e+20,1,0.003674,0.034674,0.1145,0
6.1513e+20,1,0.0036795,0.034679,0.1145,0
6.1363e+20,1,0.003685,0.034685,0.1145,0
6.1213e+20,1,0.0036905,0.03469,0.1145,0
6.1063e+20,1,0.003696,0.034696,0.1145,0
6.0913e+20,1,0.0037015,0.034702,0.1145,0
6.0763e+20,1,0.003707,0.034707,0.1145,0
6.0613e+20,1,0.0037125,0.034713,0.1145,0
6.0463e+20,1,0.003718,0.034718,0.1145,0
6.0313e+20,1,0.0037235,0.034724,0.1145,0
6.0163e+20,1,0.003729,0.034729,0.1145,0
6.0013e+20,1,0.0037345,0.034734,0.1145,0
5.9863e+20,1,0.00374,0.03474,0.1145,0
5.9713e+20,1,0.0037455,0.034745,0.1145,0
5.9563e+20,1,0.003751,0.034751,0.1145,0
5.9414e+20,1,0.0037565,0.034757,0.1145,0
5.9264e+20,1,0.003762,0.034762,0.1145,0
5.9114e+20,1,0.0037675,0.034768,0.1145,0
5.8964e+20,1,0.003773,0.034773,0.1145,0
5.8813e+20,1,0.0037785,0.034779,0.1145,0
5.8661e+20,1,0.003784,0.034784,0.1145,0
5.8508e+20,1,0.0037895,0.034789,0.1145,0
5.8356e+20,1,0.003795,0.034795,0.1145,0
5.8204e+20,1,0.0038005,0.0348,0.1145,0
5.8051e+20,1,0.003806,0.034806,0.1145,0
5.7899e+20,1,0.0038115,0.034812,0.1145,0
5.7746e+20,1,0.003817,0.034817,0.1145,0
5.7594e+20,1,0.0038225,0.034823,0.1145,0
5.7442e+20,1,0.003828,0.034828,0.1145,0
5.7289e+20,1,0.0038335,0.034833,0.1145,0
5.7136e+20,1,0.003839,0.034839,0.1145,0
5.6985e+20,1,0.0038445,0.034844,0.1145,0
5.6833e+20,1,0.00385,0.03485,0.1145,0
5.6681e+20,1,0.0038555,0.034855,0.1145,0
5.6529e+20,1,0.003861,0.034861,0.1145,0
5.6378e+20,1,0.0038665,0.034867,0.1145,0
5.6226e+20,1,0.003872,0.034872,0.1145,0
5.6074e+20,1,0.0038775,0.034878,0.1145,0
5.5922e+20,1,0.003883,0.034883,0.1145,0
5.5771e+20,1,0.0038885,0.034888,0.1145,0
5.5619e+20,1,0.003894,0.034894,0.1145,0
5.5467e+20,1,0.0038995,0.034899,0.1145,0
5.5315e+20,1,0.003905,0.034905,0.1145,0
5.5161e+20,1,0.0039105,0.034911,0.1145,0
5.5005e+20,1,0.003916,0.034916,0.1145,0
5.485e+20,1,0.0039215,0.034922,0.1145,0
5.4694e+20,1,0.003927,0.034927,0.1145,0
5.4538e+20,1,0.0039325,0.034933,0.1145,0
5.4383e+20,1,0.003938,0.034938,0.1145,0
5.4227e+20,1,0.0039435,0.034943,0.1145,0
5.4072e+20,1,0.003949,0.034949,0.1145,0
5.3916e+20,1,0.0039545,0.034954,0.1145,0
5.376e+20,1,0.00396,0.03496,0.1145,0
5.3605e+20,1,0.0039655,0.034966,0.1145,0
5.3449e+20,1,0.003971,0.034971,0.1145,0
5.3293e+20,1,0.0039765,0.034977,0.1145,0
5.3138e+20,1,0.003982,0.034982,0.1145,0
5.2984e+20,1,0.0039875,0.034988,0.1145,0
5.283e+20,1,0.003993,0.034993,0.1145,0
5.2677e+20,1,0.0039985,0.034998,0.1145,0
5.2523e+20,1,0.004004,0.035004,0.1145,0
5.237e+20,1,0.0040095,0.035009,0.1145,0
5.2217e+20,1,0.004015,0.035015,0.1145,0
5.2063e+20,1,0.0040205,0.035021,0.1145,0
5.191e+20,1,0.004026,0.035026,0.1145,0
5.1756e+20,1,0.0040315,0.035032,0.1145,0
5.1603e+20,1,0.004037,0.035037,0.1145,0
5.1449e+20,1,0.0040425,0.035042,0.1145,0
5.1296e+20,1,0.004048,0.035048,0.1145,0
5.1142e+20,1,0.0040535,0.035053,0.1145,0
5.0983e+20,1,0.004059,0.035059,0.1145,0
5.0824e+20,1,0.0040645,0.035064,0.1145,0
5.0665e+20,1,0.00407,0.03507,0.1145,0
5.0506e+20,1,0.0040755,0.035076,0.1145,0
5.0347e+20,1,0.004081,0.035081,0.1145,0
5.0188e+20,1,0.0040865,0.035087,0.1145,0
5.0029e+20,1,0.004092,0.035092,0.1145,0
4.987e+20,1,0.0040975,0.035097,0.1145,0
4.9711e+20,1,0.004103,0.035103,0.1145,0
4.9552e+20,1,0.0041085,0.035108,0.1145,0
4.9393e+20,1,0.004114,0.035114,0.1145,0
4.9235e+20,1,0.0041195,0.03512,0.1145,0
4.9076e+20,1,0.004125,0.035125,0.1145,0
4.8921e+20,1,0.0041305,0.035131,0.1145,0
4.8765e+20,1,0.004136,0.035136,0.1145,0
4.8609e+20,1,0.0041415,0.035142,0.1145,0
4.8454e+20,1,0.004147,0.035147,0.1145,0
4.8298e+20,1,0.0041525,0.035152,0.1145,0
4.8142e+20,1,0.004158,0.035158,0.1145,0
4.7987e+20,1,0.0041635,0.035163,0.1145,0
4.7831e+20,1,0.004169,0.035169,0.1145,0
4.7675e+20,1,0.0041745,0.035175,0.1145,0
4.752e+20,1,0.00418,0.03518,0.1145,0
4.7364e+20,1,0.0041855,0.035186,0.1145,0
4.7208e+20,1,0.004191,0.035191,0.1145,0
4.7052e+20,1,0.0041965,0.035197,0.1145,0
4.6895e+20,1,0.004202,0.035202,0.1145,0
4.6733e+20,1,0.0042075,0.035207,0.1145,0
4.6571e+20,1,0.004213,0.035213,0.1145,0
4.6409e+20,1,0.0042185,0.035218,0.1145,0
4.6247e+20,1,0.004224,0.035224,0.1145,0
4.6085e+20,1,0.0042295,0.03523,0.1145,0
4.5924e+20,1,0.004235,0.035235,0.1145,0
4.5762e+20,1,0.0042405,0.035241,0.1145,0
4.56e+20,1,0.004246,0.035246,0.1145,0
4.5438e+20,1,0.0042515,0.035251,0.1145,0
4.5276e+20,1,0.004257,0.035257,0.1145,0
4.5114e+20,1,0.0042625,0.035262,0.1145,0
4.4952e+20,1,0.004268,0.035268,0.1145,0
4.479e+20,1,0.0042735,0.035273,0.1145,0
4.4628e+20,1,0.004279,0.035279,0.1145,0
4.4469e+20,1,0.0042845,0.035285,0.1145,0
4.431e+20,1,0.00429,0.03529,0.1145,0
4.4151e+20,1,0.0042955,0.035296,0.1145,0
4.3992e+20,1,0.004301,0.035301,0.1145,0
4.3834e+20,1,0.0043065,0.035306,0.1145,0
4.3675e+20,1,0.004312,0.035312,0.1145,0
4.3516e+20,1,0.0043175,0.035317,0.1145,0
4.3357e+20,1,0.004323,0.035323,0.1145,0
4.3198e+20,1,0.0043285,0.035328,0.1145,0
4.3039e+20,1,0.004334,0.035334,0.1145,0
4.2878e+20,1,0.0043395,0.03534,0.1145,0
4.2712e+20,1,0.004345,0.035345,0.1145,0
4.2547e+20,1,0.0043505,0.035351,0.1145,0
4.2382e+20,1,0.004356,0.035356,0.1145,0
4.2217e+20,1,0.0043615,0.035361,0.1145,0
4.2052e+20,1,0.004367,0.035367,0.1145,0
4.1887e+20,1,0.0043725,0.035372,0.1145,0
4.1721e+20,1,0.004378,0.035378,0.1145,0
4.1553e+20,1,0.0043835,0.035384,0.1145,0
4.1391e+20,1,0.004389,0.035389,0.1145,0
4.1229e+20,1,0.0043945,0.035395,0.1145,0
4.1067e+20,1,0.0044,0.0354,0.1145,0
4.0905e+20,1,0.0044055,0.035406,0.1145,0
4.0743e+20,1,0.004411,0.035411,0.1145,0
4.0581e+20,1,0.0044165,0.035416,0.1145,0
4.0419e+20,1,0.004422,0.035422,0.1145,0
4.0258e+20,1,0.0044275,0.035427,0.1145,0
4.0096e+20,1,0.004433,0.035433,0.1145,0
3.9934e+20,1,0.0044385,0.035439,0.1145,0
3.9772e+20,1,0.004444,0.035444,0.1145,0
3.961e+20,1,0.0044495,0.03545,0.1145,0
3.9448e+20,1,0.004455,0.035455,0.1145,0
3.9286e+20,1,0.0044605,0.03546,0.1145,0
3.9124e+20,1,0.004466,0.035466,0.1145,0
3.8961e+20,1,0.0044715,0.035471,0.1145,0
3.8792e+20,1,0.004477,0.035477,0.1145,0
3.8623e+20,1,0.0044825,0.035482,0.1145,0
3.8455e+20,1,0.004488,0.035488,0.1145,0
3.8286e+20,1,0.0044935,0.035494,0.1145,0
3.8117e+20,1,0.004499,0.035499,0.1145,0
3.7948e+20,1,0.0045045,0.035505,0.1145,0
3.778e+20,1,0.00451,0.03551,0.1145,0
3.7611e+20,1,0.0045155,0.035515,0.1145,0
3.7442e+20,1,0.004521,0.035521,0.1145,0
3.7273e+20,1,0.0045265,0.035526,0.1145,0
3.7105e+20,1,0.004532,0.035532,0.1145,0
3.6936e+20,1,0.0045375,0.035537,0.1145,0
3.6767e+20,1,0.004543,0.035543,0.1145,0
3.6598e+20,1,0.0045485,0.035549,0.1145,0
3.643e+20,1,0.004554,0.035554,0.1145,0
3.6265e+20,1,0.0045595,0.03556,0.1145,0
3.61e+20,1,0.004565,0.035565,0.1145,0
3.5934e+20,1,0.0045705,0.03557,0.1145,0
3.5769e+20,1,0.004576,0.035576,0.1145,0
3.5604e+20,1,0.0045815,0.035581,0.1145,0
3.5438e+20,1,0.004587,0.035587,0.1145,0
3.5273e+20,1,0.0045925,0.035593,0.1145,0
3.5108e+20,1,0.004598,0.035598,0.1145,0
3.4942e+20,1,0.0046035,0.035604,0.1145,0
3.477e+20,1,0.004609,0.035609,0.1145,0
3.4597e+20,1,0.0046145,0.035615,0.1145,0
3.4425e+20,1,0.00462,0.03562,0.1145,0
3.4252e+20,1,0.0046255,0.035625,0.1145,0
3.4079e+20,1,0.004631,0.035631,0.1145,0
3.3907e+20,1,0.0046365,0.035636,0.1145,0
3.3734e+20,1,0.004642,0.035642,0.1145,0
3.3561e+20,1,0.0046475,0.035648,0.1145,0
3.3387e+20,1,0.004653,0.035653,0.1145,0
3.3218e+20,1,0.0046585,0.035659,0.1145,0
3.3049e+20,1,0.004664,0.035664,0.1145,0
3.288e+20,1,0.0046695,0.035669,0.1145,0
3.2711e+20,1,0.004675,0.035675,0.1145,0
3.2541e+20,1,0.0046805,0.03568,0.1145,0
3.2372e+20,1,0.004686,0.035686,0.1145,0
3.2203e+20,1,0.0046915,0.035691,0.1145,0
3.2034e+20,1,0.004697,0.035697,0.1145,0
3.1865e+20,1,0.0047025,0.035703,0.1145,0
3.1695e+20,1,0.004708,0.035708,0.1145,0
3.1526e+20,1,0.0047135,0.035714,0.1145,0
3.1357e+20,1,0.004719,0.035719,0.1145,0
3.1188e+20,1,0.0047245,0.035724,0.1145,0
3.1019e+20,1,0.00473,0.03573,0.1145,0
3.0847e+20,1,0.0047355,0.035735,0.1145,0
3.067e+20,1,0.004741,0.035741,0.1145,0
3.0493e+20,1,0.0047465,0.035746,0.1145,0
3.0316e+20,1,0.004752,0.035752,0.1145,0
3.0139e+20,1,0.0047575,0.035758,0.1145,0
2.9962e+20,1,0.004763,0.035763,0.1145,0
2.9785e+20,1,0.0047685,0.035769,0.1145,0
2.9608e+20,1,0.004774,0.035774,0.1145,0
2.9431e+20,1,0.0047795,0.035779,0.1145,0
2.9254e+20,1,0.004785,0.035785,0.1145,0
2.9078e+20,1,0.0047905,0.03579,0.1145,0
2.8901e+20,1,0.004796,0.035796,0.1145,0
2.8724e+20,1,0.0048015,0.035802,0.1145,0
2.8547e+20,1,0.004807,0.035807,0.1145,0
2.837e+20,1,0.0048125,0.035813,0.1145,0
2.8193e+20,1,0.004818,0.035818,0.1145,0
2.8022e+20,1,0.0048235,0.035824,0.1145,0
2.7848e+20,1,0.004829,0.035829,0.1145,0
2.7675e+20,1,0.0048345,0.035834,0.1145,0
2.7501e+20,1,0.00484,0.03584,0.1145,0
2.7328e+20,1,0.0048455,0.035845,0.1145,0
2.7154e+20,1,0.004851,0.035851,0.1145,0
2.6981e+20,1,0.0048565,0.035857,0.1145,0
2.6807e+20,1,0.004862,0.035862,0.1145,0
2.6628e+20,1,0.0048675,0.035868,0.1145,0
2.6446e+20,1,0.004873,0.035873,0.1145,0
2.6265e+20,1,0.0048785,0.035879,0.1145,0
2.6083e+20,1,0.004884,0.035884,0.1145,0
2.5901e+20,1,0.0048895,0.035889,0.1145,0
2.572e+20,1,0.004895,0.035895,0.1145,0
2.5538e+20,1,0.0049005,0.0359,0.1145,0
2.5352e+20,1,0.004906,0.035906,0.1145,0
2.5174e+20,1,0.0049115,0.035912,0.1145,0
2.4996e+20,1,0.004917,0.035917,0.1145,0
2.4818e+20,1,0.0049225,0.035923,0.1145,0
2.464e+20,1,0.004928,0.035928,0.1145,0
2.4462e+20,1,0.0049335,0.035933,0.1145,0
2.4284e+20,1,0.004939,0.035939,0.1145,0
2.4106e+20,1,0.0049445,0.035944,0.1145,0
2.3927e+20,1,0.00495,0.03595,0.1145,0
2.3749e+20,1,0.0049555,0.035955,0.1145,0
2.3571e+20,1,0.004961,0.035961,0.1145,0
2.3393e+20,1,0.0049665,0.035967,0.1145,0
2.3215e+20,1,0.004972,0.035972,0.1145,0
2.3037e+20,1,0.0049775,0.035978,0.1145,0
2.2859e+20,1,0.004983,0.035983,0.1145,0
2.2681e+20,1,0.0049885,0.035988,0.1145,0
2.2498e+20,1,0.004994,0.035994,0.1145,0
2.2311e+20,1,0.0049995,0.035999,0.1145,0
2.2124e+20,1,0.005005,0.036005,0.1145,0
2.1937e+20,1,0.0050105,0.036011,0.1145,0
2.175e+20,1,0.005016,0.036016,0.1145,0
2.1563e+20,1,0.0050215,0.036022,0.1145,0
2.1377e+20,1,0.005027,0.036027,0.1145,0
2.119e+20,1,0.0050325,0.036033,0.1145,0
2.1003e+20,1,0.005038,0.036038,0.1145,0
2.0816e+20,1,0.0050435,0.036043,0.1145,0
2.0629e+20,1,0.005049,0.036049,0.1145,0
2.0442e+20,1,0.0050545,0.036054,0.1145,0
2.0256e+20,1,0.00506,0.03606,0.1145,0
2.0069e+20,1,0.0050655,0.036066,0.1145,0
1.9882e+20,1,0.005071,0.036071,0.1145,0
1.9695e+20,1,0.0050765,0.036077,0.1145,0
1.9508e+20,1,0.005082,0.036082,0.1145,0
1.9331e+20,1,0.0050875,0.036088,0.1145,0
1.9148e+20,1,0.005093,0.036093,0.1145,0
1.8965e+20,1,0.0050985,0.036098,0.1145,0
1.8781e+20,1,0.005104,0.036104,0.1145,0
1.8598e+20,1,0.0051095,0.036109,0.1145,0
1.8415e+20,1,0.005115,0.036115,0.1145,0
1.8232e+20,1,0.0051205,0.036121,0.1145,0
1.8039e+20,1,0.005126,0.036126,0.1145,0
1.7846e+20,1,0.0051315,0.036132,0.1145,0
1.7654e+20,1,0.005137,0.036137,0.1145,0
1.7461e+20,1,0.0051425,0.036142,0.1145,0
1.7269e+20,1,0.005148,0.036148,0.1145,0
1.7076e+20,1,0.0051535,0.036153,0.1145,0
1.6877e+20,1,0.005159,0.036159,0.1145,0
1.6688e+20,1,0.0051645,0.036164,0.1145,0
1.65e+20,1,0.00517,0.03617,0.1145,0
1.6311e+20,1,0.0051755,0.036176,0.1145,0
1.6122e+20,1,0.005181,0.036181,0.1145,0
1.5933e+20,1,0.0051865,0.036187,0.1145,0
1.5744e+20,1,0.005192,0.036192,0.1145,0
1.5556e+20,1,0.0051975,0.036197,0.1145,0
1.5367e+20,1,0.005203,0.036203,0.1145,0
1.5178e+20,1,0.0052085,0.036208,0.1145,0
1.4989e+20,1,0.005214,0.036214,0.1145,0
1.48e+20,1,0.0052195,0.03622,0.1145,0
1.4612e+20,1,0.005225,0.036225,0.1145,0
1.4423e+20,1,0.0052305,0.036231,0.1145,0
1.4234e+20,1,0.005236,0.036236,0.1145,0
1.4045e+20,1,0.0052415,0.036242,0.1145,0
1.3856e+20,1,0.005247,0.036247,0.1145,0
1.3663e+20,1,0.0052525,0.036252,0.1145,0
1.3464e+20,1,0.005258,0.036258,0.1145,0
1.3265e+20,1,0.0052635,0.036263,0.1145,0
1.3066e+20,1,0.005269,0.036269,0.1145,0
1.2867e+20,1,0.0052745,0.036275,0.1145,0
1.2668e+20,1,0.00528,0.03628,0.1145,0
1.2469e+20,1,0.0052855,0.036286,0.1145,0
1.227e+20,1,0.005291,0.036291,0.1145,0
1.2071e+20,1,0.0052965,0.036297,0.1145,0
1.1872e+20,1,0.005302,0.036302,0.1145,0
1.1673e+20,1,0.0053075,0.036307,0.1145,0
1.1474e+20,1,0.005313,0.036313,0.1145,0
1.1275e+20,1,0.0053185,0.036318,0.1145,0
1.1076e+20,1,0.005324,0.036324,0.1145,0
1.0877e+20,1,0.0053295,0.03633,0.1145,0
1.0678e+20,1,0.005335,0.036335,0.1145,0
1.0479e+20,1,0.0053405,0.036341,0.1145,0
1.0291e+20,1,0.005346,0.036346,0.1145,0
1.0097e+20,1,0.0053515,0.036351,0.1145,0
9.9014e+19,1,0.005357,0.036357,0.1145,0
9.7065e+19,1,0.0053625,0.036362,0.1145,0
9.5114e+19,1,0.005368,0.036368,0.1145,0
9.3164e+19,1,0.0053735,0.036373,0.1145,0
9.1203e+19,1,0.005379,0.036379,0.1145,0
8.9144e+19,1,0.0053845,0.036385,0.1145,0
8.7087e+19,1,0.00539,0.03639,0.1145,0
8.5028e+19,1,0.0053955,0.036396,0.1145,0
8.2971e+19,1,0.005401,0.036401,0.1145,0
8.0914e+19,1,0.0054065,0.036406,0.1145,0
7.8856e+19,1,0.005412,0.036412,0.1145,0
7.6799e+19,1,0.0054175,0.036417,0.1145,0
7.4711e+19,1,0.005423,0.036423,0.1145,0
7.2695e+19,1,0.0054285,0.036428,0.1145,0
7.0679e+19,1,0.005434,0.036434,0.1145,0
6.8662e+19,1,0.0054395,0.03644,0.1145,0
6.6647e+19,1,0.005445,0.036445,0.1145,0
6.4629e+19,1,0.0054505,0.036451,0.1145,0
6.2614e+19,1,0.005456,0.036456,0.1145,0
6.0598e+19,1,0.0054615,0.036461,0.1145,0
5.8581e+19,1,0.005467,0.036467,0.1145,0
5.6565e+19,1,0.0054725,0.036472,0.1145,0
5.4548e+19,1,0.005478,0.036478,0.1145,0
5.2532e+19,1,0.0054835,0.036484,0.1145,0
5.0516e+19,1,0.005489,0.036489,0.1145,0
4.8499e+19,1,0.0054945,0.036495,0.1145,0
4.6484e+19,1,0.0055,0.0365,0.1145,0
