"u:0","u:1","u:2","vtkValidPointMask","arc_length","Points:0","Points:1","Points:2"
-4.6623e-23,-7.9062e-28,0,1,0,0.2835,0,0
2.7015e-24,3.6023e-29,0,1,0.00013206,0.2835,0.00013206,0
2.9103e-23,4.7881e-28,0,1,0.00026413,0.2835,0.00026413,0
3.1373e-23,5.1447e-28,0,1,0.00039619,0.2835,0.00039619,0
1.3128e-23,2.1268e-28,0,1,0.00052826,0.2835,0.00052826,0
-2.8067e-23,-4.7367e-28,0,1,0.00066032,0.2835,0.00066032,0
-7.369e-23,-1.2226e-27,0,1,0.00079239,0.2835,0.00079239,0
-1.3743e-22,-2.2957e-27,0,1,0.00092445,0.2835,0.00092445,0
-4.5123e-23,-6.5944e-28,0,1,0.0010565,0.2835,0.0010565,0
9.8222e-23,1.838e-27,0,1,0.0011886,0.2835,0.0011886,0
1.5255e-22,2.7407e-27,0,1,0.0013206,0.2835,0.0013206,0
1.4113e-22,2.4621e-27,0,1,0.0014527,0.2835,0.0014527,0
7.9553e-23,1.3247e-27,0,1,0.0015848,0.2835,0.0015848,0
-5.9727e-23,-1.1175e-27,0,1,0.0017168,0.2835,0.0017168,0
-2.7663e-22,-4.8629e-27,0,1,0.0018489,0.2835,0.0018489,0
-5.7124e-22,-9.9134e-27,0,1,0.001981,0.2835,0.001981,0
-3.6084e-23,-1.1181e-27,0,1,0.002113,0.2835,0.002113,0
7.3773e-22,1.1815e-26,0,1,0.0022451,0.2835,0.0022451,0
8.9244e-22,1.4613e-26,0,1,0.0023772,0.2835,0.0023772,0
4.8976e-22,8.3261e-27,0,1,0.0025092,0.2835,0.0025092,0
-1.7832e-22,-2.3358e-27,0,1,0.0026413,0.2835,0.0026413,0
-1.0573e-21,-1.7107e-26,0,1,0.0027734,0.2835,0.0027734,0
-2.4548e-21,-4.1233e-26,0,1,0.0029054,0.2835,0.0029054,0
-3.1547e-21,-5.3098e-26,0,1,0.0030375,0.2835,0.0030375,0
2.6752e-21,5.2407e-26,0,1,0.0031695,0.2835,0.0031695,0
4.6575e-21,9.207e-26,0,1,0.0033016,0.2835,0.0033016,0
2.7301e-21,6.5187e-26,0,1,0.0034337,0.2835,0.0034337,0
-2.4875e-21,-2.0141e-26,0,1,0.0035657,0.2835,0.0035657,0
-6.654e-21,-1.0521e-25,0,1,0.0036978,0.2835,0.0036978,0
-1.2226e-20,-2.2444e-25,0,1,0.0038299,0.2835,0.0038299,0
-2.417e-20,-3.985e-25,0,1,0.0039619,0.2835,0.0039619,0
-1.1678e-06,-1.6441e-12,0,1,0.004094,0.2835,0.004094,0
-2.8025e-06,-8.7891e-12,0,1,0.0042261,0.2835,0.0042261,0
-4.43e-06,-2.1562e-11,0,1,0.0043581,0.2835,0.0043581,0
-6.0505e-06,-3.9957e-11,0,1,0.0044902,0.2835,0.0044902,0
-7.6638e-06,-6.4334e-11,0,1,0.0046223,0.2835,0.0046223,0
-9.2701e-06,-9.4777e-11,0,1,0.0047543,0.2835,0.0047543,0
-1.0869e-05,-1.3129e-10,0,1,0.0048864,0.2835,0.0048864,0
-1.2461e-05,-1.7384e-10,0,1,0.0050184,0.2835,0.0050184,0
-1.4046e-05,-2.2221e-10,0,1,0.0051505,0.2835,0.0051505,0
-1.5624e-05,-2.7666e-10,0,1,0.0052826,0.2835,0.0052826,0
-1.7195e-05,-3.3734e-10,0,1,0.0054146,0.2835,0.0054146,0
-1.8758e-05,-4.0425e-10,0,1,0.0055467,0.2835,0.0055467,0
-2.0315e-05,-4.774e-10,0,1,0.0056788,0.2835,0.0056788,0
-2.1864e-05,-5.5672e-10,0,1,0.0058108,0.2835,0.0058108,0
-2.3406e-05,-6.4196e-10,0,1,0.0059429,0.2835,0.0059429,0
-2.4942e-05,-7.3307e-10,0,1,0.006075,0.2835,0.006075,0
-2.647e-05,-8.3081e-10,0,1,0.006207,0.2835,0.006207,0
-2.7991e-05,-9.3485e-10,0,1,0.0063391,0.2835,0.0063391,0
-2.9505e-05,-1.0449e-09,0,1,0.0064712,0.2835,0.0064712,0
-3.1011e-05,-1.1611e-09,0,1,0.0066032,0.2835,0.0066032,0
-3.2511e-05,-1.2834e-09,0,1,0.0067353,0.2835,0.0067353,0
-3.4003e-05,-1.4118e-09,0,1,0.0068674,0.2835,0.0068674,0
-3.5489e-05,-1.5466e-09,0,1,0.0069994,0.2835,0.0069994,0
-3.6967e-05,-1.6879e-09,0,1,0.0071315,0.2835,0.0071315,0
-3.8438e-05,-1.8356e-09,0,1,0.0072635,0.2835,0.0072635,0
-3.9902e-05,-1.9894e-09,0,1,0.0073956,0.2835,0.0073956,0
-4.1359e-05,-2.1493e-09,0,1,0.0075277,0.2835,0.0075277,0
-4.2809e-05,-2.3155e-09,0,1,0.0076597,0.2835,0.0076597,0
-4.4252e-05,-2.4878e-09,0,1,0.0077918,0.2835,0.0077918,0
-4.5688e-05,-2.6663e-09,0,1,0.0079239,0.2835,0.0079239,0
-4.7116e-05,-2.851e-09,0,1,0.0080559,0.2835,0.0080559,0
-4.8537e-05,-3.0419e-09,0,1,0.008188,0.2835,0.008188,0
-4.9952e-05,-3.2389e-09,0,1,0.0083201,0.2835,0.0083201,0
-5.1359e-05,-3.4417e-09,0,1,0.0084521,0.2835,0.0084521,0
-5.2759e-05,-3.6507e-09,0,1,0.0085842,0.2835,0.0085842,0
-5.4152e-05,-3.8659e-09,0,1,0.0087163,0.2835,0.0087163,0
-5.5538e-05,-4.0874e-09,0,1,0.0088483,0.2835,0.0088483,0
-5.6917e-05,-4.3148e-09,0,1,0.0089804,0.2835,0.0089804,0
-5.8288e-05,-4.5481e-09,0,1,0.0091124,0.2835,0.0091124,0
-5.9653e-05,-4.7871e-09,0,1,0.0092445,0.2835,0.0092445,0
-6.101e-05,-5.032e-09,0,1,0.0093766,0.2835,0.0093766,0
-6.236e-05,-5.2824e-09,0,1,0.0095086,0.2835,0.0095086,0
-6.3704e-05,-5.5387e-09,0,1,0.0096407,0.2835,0.0096407,0
-6.504e-05,-5.8011e-09,0,1,0.0097728,0.2835,0.0097728,0
-6.6369e-05,-6.0695e-09,0,1,0.0099048,0.2835,0.0099048,0
-6.769e-05,-6.3439e-09,0,1,0.010037,0.2835,0.010037,0
-6.9005e-05,-6.6241e-09,0,1,0.010169,0.2835,0.010169,0
-7.0313e-05,-6.9097e-09,0,1,0.010301,0.2835,0.010301,0
-7.1613e-05,-7.2008e-09,0,1,0.010433,0.2835,0.010433,0
-7.2907e-05,-7.4972e-09,0,1,0.010565,0.2835,0.010565,0
-7.4193e-05,-7.799e-09,0,1,0.010697,0.2835,0.010697,0
-7.5472e-05,-8.1063e-09,0,1,0.010829,0.2835,0.010829,0
-7.6744e-05,-8.4188e-09,0,1,0.010961,0.2835,0.010961,0
-7.8009e-05,-8.7366e-09,0,1,0.011093,0.2835,0.011093,0
-7.9267e-05,-9.0597e-09,0,1,0.011225,0.2835,0.011225,0
-8.0517e-05,-9.3881e-09,0,1,0.011358,0.2835,0.011358,0
-8.1761e-05,-9.7218e-09,0,1,0.01149,0.2835,0.01149,0
-8.2997e-05,-1.0061e-08,0,1,0.011622,0.2835,0.011622,0
-8.4227e-05,-1.0405e-08,0,1,0.011754,0.2835,0.011754,0
-8.5449e-05,-1.0755e-08,0,1,0.011886,0.2835,0.011886,0
-8.6664e-05,-1.1109e-08,0,1,0.012018,0.2835,0.012018,0
-8.7872e-05,-1.1467e-08,0,1,0.01215,0.2835,0.01215,0
-8.9073e-05,-1.183e-08,0,1,0.012282,0.2835,0.012282,0
-9.0267e-05,-1.2197e-08,0,1,0.012414,0.2835,0.012414,0
-9.1453e-05,-1.2569e-08,0,1,0.012546,0.2835,0.012546,0
-9.2633e-05,-1.2945e-08,0,1,0.012678,0.2835,0.012678,0
-9.3805e-05,-1.3326e-08,0,1,0.01281,0.2835,0.01281,0
-9.4971e-05,-1.3712e-08,0,1,0.012942,0.2835,0.012942,0
-9.6129e-05,-1.4104e-08,0,1,0.013074,0.2835,0.013074,0
-9.728e-05,-1.45e-08,0,1,0.013206,0.2835,0.013206,0
-9.8424e-05,-1.4899e-08,0,1,0.013339,0.2835,0.013339,0
-9.9561e-05,-1.5303e-08,0,1,0.013471,0.2835,0.013471,0
-0.00010069,-1.571e-08,0,1,0.013603,0.2835,0.013603,0
-0.00010181,-1.6121e-08,0,1,0.013735,0.2835,0.013735,0
-0.00010293,-1.6536e-08,0,1,0.013867,0.2835,0.013867,0
-0.00010404,-1.6954e-08,0,1,0.013999,0.2835,0.013999,0
-0.00010514,-1.7376e-08,0,1,0.014131,0.2835,0.014131,0
-0.00010623,-1.7802e-08,0,1,0.014263,0.2835,0.014263,0
-0.00010732,-1.8232e-08,0,1,0.014395,0.2835,0.014395,0
-0.0001084,-1.8664e-08,0,1,0.014527,0.2835,0.014527,0
-0.00010947,-1.9101e-08,0,1,0.014659,0.2835,0.014659,0
-0.00011054,-1.954e-08,0,1,0.014791,0.2835,0.014791,0
-0.0001116,-1.9984e-08,0,1,0.014923,0.2835,0.014923,0
-0.00011265,-2.043e-08,0,1,0.015055,0.2835,0.015055,0
-0.00011369,-2.0881e-08,0,1,0.015187,0.2835,0.015187,0
-0.00011473,-2.1335e-08,0,1,0.015319,0.2835,0.015319,0
-0.00011576,-2.1791e-08,0,1,0.015452,0.2835,0.015452,0
-0.00011678,-2.2249e-08,0,1,0.015584,0.2835,0.015584,0
-0.0001178,-2.271e-08,0,1,0.015716,0.2835,0.015716,0
-0.00011881,-2.3173e-08,0,1,0.015848,0.2835,0.015848,0
-0.00011981,-2.3638e-08,0,1,0.01598,0.2835,0.01598,0
-0.0001208,-2.4106e-08,0,1,0.016112,0.2835,0.016112,0
-0.00012179,-2.4577e-08,0,1,0.016244,0.2835,0.016244,0
-0.00012277,-2.5049e-08,0,1,0.016376,0.2835,0.016376,0
-0.00012374,-2.5525e-08,0,1,0.016508,0.2835,0.016508,0
-0.00012471,-2.6002e-08,0,1,0.01664,0.2835,0.01664,0
-0.00012567,-2.6481e-08,0,1,0.016772,0.2835,0.016772,0
-0.00012662,-2.6962e-08,0,1,0.016904,0.2835,0.016904,0
-0.00012756,-2.7445e-08,0,1,0.017036,0.2835,0.017036,0
-0.0001285,-2.793e-08,0,1,0.017168,0.2835,0.017168,0
-0.00012943,-2.8416e-08,0,1,0.0173,0.2835,0.0173,0
-0.00013036,-2.8904e-08,0,1,0.017433,0.2835,0.017433,0
-0.00013127,-2.9394e-08,0,1,0.017565,0.2835,0.017565,0
-0.00013218,-2.9885e-08,0,1,0.017697,0.2835,0.017697,0
-0.00013308,-3.0378e-08,0,1,0.017829,0.2835,0.017829,0
-0.00013398,-3.0872e-08,0,1,0.017961,0.2835,0.017961,0
-0.00013486,-3.1366e-08,0,1,0.018093,0.2835,0.018093,0
-0.00013575,-3.1863e-08,0,1,0.018225,0.2835,0.018225,0
-0.00013662,-3.2359e-08,0,1,0.018357,0.2835,0.018357,0
-0.00013749,-3.2856e-08,0,1,0.018489,0.2835,0.018489,0
-0.00013834,-3.3353e-08,0,1,0.018621,0.2835,0.018621,0
-0.0001392,-3.385e-08,0,1,0.018753,0.2835,0.018753,0
-0.00014004,-3.4348e-08,0,1,0.018885,0.2835,0.018885,0
-0.00014088,-3.4845e-08,0,1,0.019017,0.2835,0.019017,0
-0.00014171,-3.5344e-08,0,1,0.019149,0.2835,0.019149,0
-0.00014253,-3.5842e-08,0,1,0.019281,0.2835,0.019281,0
-0.00014335,-3.6341e-08,0,1,0.019413,0.2835,0.019413,0
-0.00014416,-3.684e-08,0,1,0.019546,0.2835,0.019546,0
-0.00014496,-3.734e-08,0,1,0.019678,0.2835,0.019678,0
-0.00014576,-3.784e-08,0,1,0.01981,0.2835,0.01981,0
-0.00014654,-3.834e-08,0,1,0.019942,0.2835,0.019942,0
-0.00014733,-3.884e-08,0,1,0.020074,0.2835,0.020074,0
-0.0001481,-3.9341e-08,0,1,0.020206,0.2835,0.020206,0
-0.00014887,-3.9844e-08,0,1,0.020338,0.2835,0.020338,0
-0.00014963,-4.0344e-08,0,1,0.02047,0.2835,0.02047,0
-0.00015038,-4.0844e-08,0,1,0.020602,0.2835,0.020602,0
-0.00015112,-4.1341e-08,0,1,0.020734,0.2835,0.020734,0
-0.00015186,-4.1837e-08,0,1,0.020866,0.2835,0.020866,0
-0.00015259,-4.2331e-08,0,1,0.020998,0.2835,0.020998,0
-0.00015332,-4.2824e-08,0,1,0.02113,0.2835,0.02113,0
-0.00015403,-4.3315e-08,0,1,0.021262,0.2835,0.021262,0
-0.00015474,-4.3804e-08,0,1,0.021394,0.2835,0.021394,0
-0.00015544,-4.4292e-08,0,1,0.021527,0.2835,0.021527,0
-0.00015614,-4.4779e-08,0,1,0.021659,0.2835,0.021659,0
-0.00015683,-4.5263e-08,0,1,0.021791,0.2835,0.021791,0
-0.00015751,-4.5746e-08,0,1,0.021923,0.2835,0.021923,0
-0.00015818,-4.6228e-08,0,1,0.022055,0.2835,0.022055,0
-0.00015885,-4.6707e-08,0,1,0.022187,0.2835,0.022187,0
-0.00015951,-4.7185e-08,0,1,0.022319,0.2835,0.022319,0
-0.00016016,-4.7662e-08,0,1,0.022451,0.2835,0.022451,0
-0.00016081,-4.8134e-08,0,1,0.022583,0.2835,0.022583,0
-0.00016145,-4.8603e-08,0,1,0.022715,0.2835,0.022715,0
-0.00016208,-4.907e-08,0,1,0.022847,0.2835,0.022847,0
-0.0001627,-4.9535e-08,0,1,0.022979,0.2835,0.022979,0
-0.00016332,-4.9997e-08,0,1,0.023111,0.2835,0.023111,0
-0.00016393,-5.0457e-08,0,1,0.023243,0.2835,0.023243,0
-0.00016453,-5.0915e-08,0,1,0.023375,0.2835,0.023375,0
-0.00016513,-5.1368e-08,0,1,0.023507,0.2835,0.023507,0
-0.00016572,-5.1818e-08,0,1,0.02364,0.2835,0.02364,0
-0.0001663,-5.2266e-08,0,1,0.023772,0.2835,0.023772,0
-0.00016687,-5.2711e-08,0,1,0.023904,0.2835,0.023904,0
-0.00016744,-5.3154e-08,0,1,0.024036,0.2835,0.024036,0
-0.000168,-5.3595e-08,0,1,0.024168,0.2835,0.024168,0
-0.00016855,-5.4033e-08,0,1,0.0243,0.2835,0.0243,0
-0.0001691,-5.4469e-08,0,1,0.024432,0.2835,0.024432,0
-0.00016964,-5.4903e-08,0,1,0.024564,0.2835,0.024564,0
-0.00017017,-5.5331e-08,0,1,0.024696,0.2835,0.024696,0
-0.00017069,-5.5756e-08,0,1,0.024828,0.2835,0.024828,0
-0.00017121,-5.6175e-08,0,1,0.02496,0.2835,0.02496,0
-0.00017172,-5.6591e-08,0,1,0.025092,0.2835,0.025092,0
-0.00017222,-5.7001e-08,0,1,0.025224,0.2835,0.025224,0
-0.00017272,-5.7407e-08,0,1,0.025356,0.2835,0.025356,0
-0.00017321,-5.7809e-08,0,1,0.025488,0.2835,0.025488,0
-0.00017369,-5.8206e-08,0,1,0.02562,0.2835,0.02562,0
-0.00017417,-5.8599e-08,0,1,0.025753,0.2835,0.025753,0
-0.00017463,-5.8987e-08,0,1,0.025885,0.2835,0.025885,0
-0.00017509,-5.937e-08,0,1,0.026017,0.2835,0.026017,0
-0.00017555,-5.9749e-08,0,1,0.026149,0.2835,0.026149,0
-0.00017599,-6.0124e-08,0,1,0.026281,0.2835,0.026281,0
-0.00017643,-6.0494e-08,0,1,0.026413,0.2835,0.026413,0
-0.00017686,-6.086e-08,0,1,0.026545,0.2835,0.026545,0
-0.00017729,-6.1224e-08,0,1,0.026677,0.2835,0.026677,0
-0.00017771,-6.1587e-08,0,1,0.026809,0.2835,0.026809,0
-0.00017812,-6.1945e-08,0,1,0.026941,0.2835,0.026941,0
-0.00017852,-6.2298e-08,0,1,0.027073,0.2835,0.027073,0
-0.00017892,-6.2644e-08,0,1,0.027205,0.2835,0.027205,0
-0.00017931,-6.2985e-08,0,1,0.027337,0.2835,0.027337,0
-0.00017969,-6.3321e-08,0,1,0.027469,0.2835,0.027469,0
-0.00018006,-6.3651e-08,0,1,0.027601,0.2835,0.027601,0
-0.00018043,-6.3975e-08,0,1,0.027734,0.2835,0.027734,0
-0.00018079,-6.4294e-08,0,1,0.027866,0.2835,0.027866,0
-0.00018115,-6.4607e-08,0,1,0.027998,0.2835,0.027998,0
-0.00018149,-6.4914e-08,0,1,0.02813,0.2835,0.02813,0
-0.00018183,-6.5216e-08,0,1,0.028262,0.2835,0.028262,0
-0.00018216,-6.5512e-08,0,1,0.028394,0.2835,0.028394,0
-0.00018249,-6.5803e-08,0,1,0.028526,0.2835,0.028526,0
-0.00018281,-6.6088e-08,0,1,0.028658,0.2835,0.028658,0
-0.00018312,-6.6367e-08,0,1,0.02879,0.2835,0.02879,0
-0.00018342,-6.664e-08,0,1,0.028922,0.2835,0.028922,0
-0.00018372,-6.6909e-08,0,1,0.029054,0.2835,0.029054,0
-0.00018401,-6.7171e-08,0,1,0.029186,0.2835,0.029186,0
-0.00018429,-6.7429e-08,0,1,0.029318,0.2835,0.029318,0
-0.00018457,-6.7681e-08,0,1,0.02945,0.2835,0.02945,0
-0.00018483,-6.7931e-08,0,1,0.029582,0.2835,0.029582,0
-0.00018509,-6.8175e-08,0,1,0.029714,0.2835,0.029714,0
-0.00018535,-6.8413e-08,0,1,0.029847,0.2835,0.029847,0
-0.0001856,-6.8644e-08,0,1,0.029979,0.2835,0.029979,0
-0.00018583,-6.8869e-08,0,1,0.030111,0.2835,0.030111,0
-0.00018607,-6.9086e-08,0,1,0.030243,0.2835,0.030243,0
-0.00018629,-6.9297e-08,0,1,0.030375,0.2835,0.030375,0
-0.00018651,-6.9501e-08,0,1,0.030507,0.2835,0.030507,0
-0.00018672,-6.9698e-08,0,1,0.030639,0.2835,0.030639,0
-0.00018693,-6.9889e-08,0,1,0.030771,0.2835,0.030771,0
-0.00018712,-7.0071e-08,0,1,0.030903,0.2835,0.030903,0
-0.00018731,-7.0242e-08,0,1,0.031035,0.2835,0.031035,0
-0.0001875,-7.0408e-08,0,1,0.031167,0.2835,0.031167,0
-0.00018767,-7.0567e-08,0,1,0.031299,0.2835,0.031299,0
-0.00018784,-7.0721e-08,0,1,0.031431,0.2835,0.031431,0
-0.000188,-7.087e-08,0,1,0.031563,0.2835,0.031563,0
-0.00018816,-7.1013e-08,0,1,0.031695,0.2835,0.031695,0
-0.0001883,-7.115e-08,0,1,0.031828,0.2835,0.031828,0
-0.00018844,-7.1281e-08,0,1,0.03196,0.2835,0.03196,0
-0.00018858,-7.1407e-08,0,1,0.032092,0.2835,0.032092,0
-0.0001887,-7.1527e-08,0,1,0.032224,0.2835,0.032224,0
-0.00018882,-7.1644e-08,0,1,0.032356,0.2835,0.032356,0
-0.00018893,-7.1753e-08,0,1,0.032488,0.2835,0.032488,0
-0.00018904,-7.1854e-08,0,1,0.03262,0.2835,0.03262,0
-0.00018913,-7.1948e-08,0,1,0.032752,0.2835,0.032752,0
-0.00018922,-7.2034e-08,0,1,0.032884,0.2835,0.032884,0
-0.00018931,-7.2113e-08,0,1,0.033016,0.2835,0.033016,0
-0.00018938,-7.2185e-08,0,1,0.033148,0.2835,0.033148,0
-0.00018945,-7.2252e-08,0,1,0.03328,0.2835,0.03328,0
-0.00018951,-7.2311e-08,0,1,0.033412,0.2835,0.033412,0
-0.00018957,-7.2363e-08,0,1,0.033544,0.2835,0.033544,0
-0.00018962,-7.2408e-08,0,1,0.033676,0.2835,0.033676,0
-0.00018966,-7.2446e-08,0,1,0.033808,0.2835,0.033808,0
-0.00018969,-7.2477e-08,0,1,0.033941,0.2835,0.033941,0
-0.00018972,-7.25e-08,0,1,0.034073,0.2835,0.034073,0
-0.00018974,-7.2517e-08,0,1,0.034205,0.2835,0.034205,0
-0.00018975,-7.2528e-08,0,1,0.034337,0.2835,0.034337,0
-0.00018975,-7.2532e-08,0,1,0.034469,0.2835,0.034469,0
-0.00018975,-7.2531e-08,0,1,0.034601,0.2835,0.034601,0
-0.00018974,-7.2524e-08,0,1,0.034733,0.2835,0.034733,0
-0.00018972,-7.251e-08,0,1,0.034865,0.2835,0.034865,0
-0.0001897,-7.2487e-08,0,1,0.034997,0.2835,0.034997,0
-0.00018967,-7.2458e-08,0,1,0.035129,0.2835,0.035129,0
-0.00018963,-7.2421e-08,0,1,0.035261,0.2835,0.035261,0
-0.00018959,-7.2378e-08,0,1,0.035393,0.2835,0.035393,0
-0.00018954,-7.2327e-08,0,1,0.035525,0.2835,0.035525,0
-0.00018948,-7.227e-08,0,1,0.035657,0.2835,0.035657,0
-0.00018941,-7.2206e-08,0,1,0.035789,0.2835,0.035789,0
-0.00018934,-7.2135e-08,0,1,0.035922,0.2835,0.035922,0
-0.00018926,-7.2056e-08,0,1,0.036054,0.2835,0.036054,0
-0.00018917,-7.1971e-08,0,1,0.036186,0.2835,0.036186,0
-0.00018907,-7.1879e-08,0,1,0.036318,0.2835,0.036318,0
-0.00018897,-7.178e-08,0,1,0.03645,0.2835,0.03645,0
-0.00018886,-7.1673e-08,0,1,0.036582,0.2835,0.036582,0
-0.00018875,-7.1557e-08,0,1,0.036714,0.2835,0.036714,0
-0.00018862,-7.1436e-08,0,1,0.036846,0.2835,0.036846,0
-0.00018849,-7.131e-08,0,1,0.036978,0.2835,0.036978,0
-0.00018836,-7.1181e-08,0,1,0.03711,0.2835,0.03711,0
-0.00018821,-7.1046e-08,0,1,0.037242,0.2835,0.037242,0
-0.00018806,-7.0904e-08,0,1,0.037374,0.2835,0.037374,0
-0.0001879,-7.0756e-08,0,1,0.037506,0.2835,0.037506,0
-0.00018774,-7.0602e-08,0,1,0.037638,0.2835,0.037638,0
-0.00018756,-7.0441e-08,0,1,0.03777,0.2835,0.03777,0
-0.00018738,-7.0273e-08,0,1,0.037902,0.2835,0.037902,0
-0.00018719,-7.0099e-08,0,1,0.038035,0.2835,0.038035,0
-0.000187,-6.9919e-08,0,1,0.038167,0.2835,0.038167,0
-0.0001868,-6.9732e-08,0,1,0.038299,0.2835,0.038299,0
-0.00018659,-6.9539e-08,0,1,0.038431,0.2835,0.038431,0
-0.00018637,-6.9337e-08,0,1,0.038563,0.2835,0.038563,0
-0.00018615,-6.9129e-08,0,1,0.038695,0.2835,0.038695,0
-0.00018592,-6.8913e-08,0,1,0.038827,0.2835,0.038827,0
-0.00018569,-6.869e-08,0,1,0.038959,0.2835,0.038959,0
-0.00018544,-6.8461e-08,0,1,0.039091,0.2835,0.039091,0
-0.00018519,-6.8222e-08,0,1,0.039223,0.2835,0.039223,0
-0.00018493,-6.7976e-08,0,1,0.039355,0.2835,0.039355,0
-0.00018467,-6.7724e-08,0,1,0.039487,0.2835,0.039487,0
-0.00018439,-6.7467e-08,0,1,0.039619,0.2835,0.039619,0
-0.00018411,-6.7204e-08,0,1,0.039751,0.2835,0.039751,0
-0.00018383,-6.6936e-08,0,1,0.039883,0.2835,0.039883,0
-0.00018353,-6.6662e-08,0,1,0.040016,0.2835,0.040016,0
-0.00018323,-6.6384e-08,0,1,0.040148,0.2835,0.040148,0
-0.00018292,-6.61e-08,0,1,0.04028,0.2835,0.04028,0
-0.00018261,-6.5812e-08,0,1,0.040412,0.2835,0.040412,0
-0.00018229,-6.5518e-08,0,1,0.040544,0.2835,0.040544,0
-0.00018196,-6.522e-08,0,1,0.040676,0.2835,0.040676,0
-0.00018162,-6.4917e-08,0,1,0.040808,0.2835,0.040808,0
-0.00018128,-6.4608e-08,0,1,0.04094,0.2835,0.04094,0
-0.00018093,-6.4295e-08,0,1,0.041072,0.2835,0.041072,0
-0.00018057,-6.3977e-08,0,1,0.041204,0.2835,0.041204,0
-0.0001802,-6.3654e-08,0,1,0.041336,0.2835,0.041336,0
-0.00017983,-6.3326e-08,0,1,0.041468,0.2835,0.041468,0
-0.00017945,-6.2993e-08,0,1,0.0416,0.2835,0.0416,0
-0.00017907,-6.2656e-08,0,1,0.041732,0.2835,0.041732,0
-0.00017867,-6.2316e-08,0,1,0.041864,0.2835,0.041864,0
-0.00017827,-6.1971e-08,0,1,0.041996,0.2835,0.041996,0
-0.00017786,-6.1621e-08,0,1,0.042129,0.2835,0.042129,0
-0.00017745,-6.1266e-08,0,1,0.042261,0.2835,0.042261,0
-0.00017703,-6.0905e-08,0,1,0.042393,0.2835,0.042393,0
-0.0001766,-6.0538e-08,0,1,0.042525,0.2835,0.042525,0
-0.00017616,-6.0167e-08,0,1,0.042657,0.2835,0.042657,0
-0.00017572,-5.979e-08,0,1,0.042789,0.2835,0.042789,0
-0.00017527,-5.9407e-08,0,1,0.042921,0.2835,0.042921,0
-0.00017481,-5.9019e-08,0,1,0.043053,0.2835,0.043053,0
-0.00017435,-5.8626e-08,0,1,0.043185,0.2835,0.043185,0
-0.00017387,-5.8228e-08,0,1,0.043317,0.2835,0.043317,0
-0.0001734,-5.7828e-08,0,1,0.043449,0.2835,0.043449,0
-0.00017291,-5.7424e-08,0,1,0.043581,0.2835,0.043581,0
-0.00017242,-5.7019e-08,0,1,0.043713,0.2835,0.043713,0
-0.00017192,-5.661e-08,0,1,0.043845,0.2835,0.043845,0
-0.00017141,-5.6198e-08,0,1,0.043977,0.2835,0.043977,0
-0.0001709,-5.5783e-08,0,1,0.04411,0.2835,0.04411,0
-0.00017037,-5.5363e-08,0,1,0.044242,0.2835,0.044242,0
-0.00016985,-5.4939e-08,0,1,0.044374,0.2835,0.044374,0
-0.00016931,-5.4512e-08,0,1,0.044506,0.2835,0.044506,0
-0.00016877,-5.4081e-08,0,1,0.044638,0.2835,0.044638,0
-0.00016822,-5.3646e-08,0,1,0.04477,0.2835,0.04477,0
-0.00016766,-5.3208e-08,0,1,0.044902,0.2835,0.044902,0
-0.0001671,-5.2765e-08,0,1,0.045034,0.2835,0.045034,0
-0.00016652,-5.2319e-08,0,1,0.045166,0.2835,0.045166,0
-0.00016595,-5.1869e-08,0,1,0.045298,0.2835,0.045298,0
-0.00016536,-5.1415e-08,0,1,0.04543,0.2835,0.04543,0
-0.00016477,-5.0955e-08,0,1,0.045562,0.2835,0.045562,0
-0.00016417,-5.0491e-08,0,1,0.045694,0.2835,0.045694,0
-0.00016356,-5.0026e-08,0,1,0.045826,0.2835,0.045826,0
-0.00016295,-4.9558e-08,0,1,0.045958,0.2835,0.045958,0
-0.00016233,-4.9089e-08,0,1,0.04609,0.2835,0.04609,0
-0.0001617,-4.8617e-08,0,1,0.046223,0.2835,0.046223,0
-0.00016106,-4.8144e-08,0,1,0.046355,0.2835,0.046355,0
-0.00016042,-4.7669e-08,0,1,0.046487,0.2835,0.046487,0
-0.00015977,-4.7192e-08,0,1,0.046619,0.2835,0.046619,0
-0.00015912,-4.6713e-08,0,1,0.046751,0.2835,0.046751,0
-0.00015845,-4.6232e-08,0,1,0.046883,0.2835,0.046883,0
-0.00015778,-4.5749e-08,0,1,0.047015,0.2835,0.047015,0
-0.0001571,-4.5264e-08,0,1,0.047147,0.2835,0.047147,0
-0.00015642,-4.4777e-08,0,1,0.047279,0.2835,0.047279,0
-0.00015573,-4.429e-08,0,1,0.047411,0.2835,0.047411,0
-0.00015503,-4.3803e-08,0,1,0.047543,0.2835,0.047543,0
-0.00015432,-4.3315e-08,0,1,0.047675,0.2835,0.047675,0
-0.00015361,-4.2826e-08,0,1,0.047807,0.2835,0.047807,0
-0.00015289,-4.2336e-08,0,1,0.047939,0.2835,0.047939,0
-0.00015216,-4.1845e-08,0,1,0.048071,0.2835,0.048071,0
-0.00015142,-4.1353e-08,0,1,0.048204,0.2835,0.048204,0
-0.00015068,-4.0859e-08,0,1,0.048336,0.2835,0.048336,0
-0.00014993,-4.0364e-08,0,1,0.048468,0.2835,0.048468,0
-0.00014918,-3.9868e-08,0,1,0.0486,0.2835,0.0486,0
-0.00014841,-3.9371e-08,0,1,0.048732,0.2835,0.048732,0
-0.00014764,-3.8873e-08,0,1,0.048864,0.2835,0.048864,0
-0.00014687,-3.8374e-08,0,1,0.048996,0.2835,0.048996,0
-0.00014608,-3.7873e-08,0,1,0.049128,0.2835,0.049128,0
-0.00014529,-3.7371e-08,0,1,0.04926,0.2835,0.04926,0
-0.00014449,-3.687e-08,0,1,0.049392,0.2835,0.049392,0
-0.00014369,-3.6371e-08,0,1,0.049524,0.2835,0.049524,0
-0.00014287,-3.5872e-08,0,1,0.049656,0.2835,0.049656,0
-0.00014205,-3.5374e-08,0,1,0.049788,0.2835,0.049788,0
-0.00014123,-3.4875e-08,0,1,0.04992,0.2835,0.04992,0
-0.00014039,-3.4376e-08,0,1,0.050052,0.2835,0.050052,0
-0.00013955,-3.3879e-08,0,1,0.050184,0.2835,0.050184,0
-0.0001387,-3.3382e-08,0,1,0.050317,0.2835,0.050317,0
-0.00013785,-3.2885e-08,0,1,0.050449,0.2835,0.050449,0
-0.00013698,-3.239e-08,0,1,0.050581,0.2835,0.050581,0
-0.00013611,-3.1894e-08,0,1,0.050713,0.2835,0.050713,0
-0.00013524,-3.14e-08,0,1,0.050845,0.2835,0.050845,0
-0.00013435,-3.0906e-08,0,1,0.050977,0.2835,0.050977,0
-0.00013346,-3.0413e-08,0,1,0.051109,0.2835,0.051109,0
-0.00013256,-2.9921e-08,0,1,0.051241,0.2835,0.051241,0
-0.00013166,-2.9429e-08,0,1,0.051373,0.2835,0.051373,0
-0.00013075,-2.8938e-08,0,1,0.051505,0.2835,0.051505,0
-0.00012983,-2.8449e-08,0,1,0.051637,0.2835,0.051637,0
-0.0001289,-2.7963e-08,0,1,0.051769,0.2835,0.051769,0
-0.00012797,-2.7479e-08,0,1,0.051901,0.2835,0.051901,0
-0.00012702,-2.6996e-08,0,1,0.052033,0.2835,0.052033,0
-0.00012608,-2.6516e-08,0,1,0.052165,0.2835,0.052165,0
-0.00012512,-2.6037e-08,0,1,0.052298,0.2835,0.052298,0
-0.00012416,-2.5561e-08,0,1,0.05243,0.2835,0.05243,0
-0.00012319,-2.5087e-08,0,1,0.052562,0.2835,0.052562,0
-0.00012221,-2.4615e-08,0,1,0.052694,0.2835,0.052694,0
-0.00012123,-2.4145e-08,0,1,0.052826,0.2835,0.052826,0
-0.00012024,-2.3677e-08,0,1,0.052958,0.2835,0.052958,0
-0.00011924,-2.321e-08,0,1,0.05309,0.2835,0.05309,0
-0.00011824,-2.2746e-08,0,1,0.053222,0.2835,0.053222,0
-0.00011722,-2.2284e-08,0,1,0.053354,0.2835,0.053354,0
-0.0001162,-2.1825e-08,0,1,0.053486,0.2835,0.053486,0
-0.00011518,-2.1371e-08,0,1,0.053618,0.2835,0.053618,0
-0.00011415,-2.0919e-08,0,1,0.05375,0.2835,0.05375,0
-0.0001131,-2.047e-08,0,1,0.053882,0.2835,0.053882,0
-0.00011206,-2.0023e-08,0,1,0.054014,0.2835,0.054014,0
-0.000111,-1.958e-08,0,1,0.054146,0.2835,0.054146,0
-0.00010994,-1.9141e-08,0,1,0.054278,0.2835,0.054278,0
-0.00010887,-1.8704e-08,0,1,0.054411,0.2835,0.054411,0
-0.0001078,-1.8271e-08,0,1,0.054543,0.2835,0.054543,0
-0.00010671,-1.7842e-08,0,1,0.054675,0.2835,0.054675,0
-0.00010562,-1.7415e-08,0,1,0.054807,0.2835,0.054807,0
-0.00010452,-1.6993e-08,0,1,0.054939,0.2835,0.054939,0
-0.00010342,-1.6575e-08,0,1,0.055071,0.2835,0.055071,0
-0.00010231,-1.616e-08,0,1,0.055203,0.2835,0.055203,0
-0.00010119,-1.575e-08,0,1,0.055335,0.2835,0.055335,0
-0.00010006,-1.5343e-08,0,1,0.055467,0.2835,0.055467,0
-9.8931e-05,-1.494e-08,0,1,0.055599,0.2835,0.055599,0
-9.7791e-05,-1.4541e-08,0,1,0.055731,0.2835,0.055731,0
-9.6644e-05,-1.4147e-08,0,1,0.055863,0.2835,0.055863,0
-9.549e-05,-1.3757e-08,0,1,0.055995,0.2835,0.055995,0
-9.4328e-05,-1.3371e-08,0,1,0.056127,0.2835,0.056127,0
-9.316e-05,-1.299e-08,0,1,0.056259,0.2835,0.056259,0
-9.1984e-05,-1.2613e-08,0,1,0.056392,0.2835,0.056392,0
-9.0802e-05,-1.2241e-08,0,1,0.056524,0.2835,0.056524,0
-8.9612e-05,-1.1874e-08,0,1,0.056656,0.2835,0.056656,0
-8.8415e-05,-1.151e-08,0,1,0.056788,0.2835,0.056788,0
-8.7211e-05,-1.1152e-08,0,1,0.05692,0.2835,0.05692,0
-8.5999e-05,-1.0798e-08,0,1,0.057052,0.2835,0.057052,0
-8.4781e-05,-1.045e-08,0,1,0.057184,0.2835,0.057184,0
-8.3556e-05,-1.0107e-08,0,1,0.057316,0.2835,0.057316,0
-8.2323e-05,-9.7687e-09,0,1,0.057448,0.2835,0.057448,0
-8.1084e-05,-9.4353e-09,0,1,0.05758,0.2835,0.05758,0
-7.9837e-05,-9.1069e-09,0,1,0.057712,0.2835,0.057712,0
-7.8583e-05,-8.7837e-09,0,1,0.057844,0.2835,0.057844,0
-7.7322e-05,-8.4656e-09,0,1,0.057976,0.2835,0.057976,0
-7.6054e-05,-8.1529e-09,0,1,0.058108,0.2835,0.058108,0
-7.4779e-05,-7.846e-09,0,1,0.05824,0.2835,0.05824,0
-7.3496e-05,-7.5443e-09,0,1,0.058372,0.2835,0.058372,0
-7.2207e-05,-7.2482e-09,0,1,0.058505,0.2835,0.058505,0
-7.091e-05,-6.9576e-09,0,1,0.058637,0.2835,0.058637,0
-6.9606e-05,-6.6726e-09,0,1,0.058769,0.2835,0.058769,0
-6.8296e-05,-6.3931e-09,0,1,0.058901,0.2835,0.058901,0
-6.6978e-05,-6.119e-09,0,1,0.059033,0.2835,0.059033,0
-6.5653e-05,-5.8503e-09,0,1,0.059165,0.2835,0.059165,0
-6.432e-05,-5.588e-09,0,1,0.059297,0.2835,0.059297,0
-6.2981e-05,-5.3313e-09,0,1,0.059429,0.2835,0.059429,0
-6.1635e-05,-5.0803e-09,0,1,0.059561,0.2835,0.059561,0
-6.0281e-05,-4.835e-09,0,1,0.059693,0.2835,0.059693,0
-5.8921e-05,-4.5957e-09,0,1,0.059825,0.2835,0.059825,0
-5.7553e-05,-4.3621e-09,0,1,0.059957,0.2835,0.059957,0
-5.6178e-05,-4.1346e-09,0,1,0.060089,0.2835,0.060089,0
-5.4796e-05,-3.9131e-09,0,1,0.060221,0.2835,0.060221,0
-5.3407e-05,-3.6976e-09,0,1,0.060353,0.2835,0.060353,0
-5.2011e-05,-3.4882e-09,0,1,0.060486,0.2835,0.060486,0
-5.0607e-05,-3.2849e-09,0,1,0.060618,0.2835,0.060618,0
-4.9197e-05,-3.0875e-09,0,1,0.06075,0.2835,0.06075,0
-4.7779e-05,-2.8962e-09,0,1,0.060882,0.2835,0.060882,0
-4.6355e-05,-2.711e-09,0,1,0.061014,0.2835,0.061014,0
-4.4923e-05,-2.5319e-09,0,1,0.061146,0.2835,0.061146,0
-4.3484e-05,-2.359e-09,0,1,0.061278,0.2835,0.061278,0
-4.2038e-05,-2.1922e-09,0,1,0.06141,0.2835,0.06141,0
-4.0585e-05,-2.0315e-09,0,1,0.061542,0.2835,0.061542,0
-3.9124e-05,-1.8771e-09,0,1,0.061674,0.2835,0.061674,0
-3.7657e-05,-1.7288e-09,0,1,0.061806,0.2835,0.061806,0
-3.6182e-05,-1.5867e-09,0,1,0.061938,0.2835,0.061938,0
-3.4701e-05,-1.4507e-09,0,1,0.06207,0.2835,0.06207,0
-3.3212e-05,-1.3209e-09,0,1,0.062202,0.2835,0.062202,0
-3.1716e-05,-1.1973e-09,0,1,0.062334,0.2835,0.062334,0
-3.0213e-05,-1.0799e-09,0,1,0.062466,0.2835,0.062466,0
-2.8703e-05,-9.6865e-10,0,1,0.062599,0.2835,0.062599,0
-2.7186e-05,-8.6357e-10,0,1,0.062731,0.2835,0.062731,0
-2.5661e-05,-7.6457e-10,0,1,0.062863,0.2835,0.062863,0
-2.413e-05,-6.7176e-10,0,1,0.062995,0.2835,0.062995,0
-2.2591e-05,-5.8503e-10,0,1,0.063127,0.2835,0.063127,0
-2.1045e-05,-5.0443e-10,0,1,0.063259,0.2835,0.063259,0
-1.9492e-05,-4.2995e-10,0,1,0.063391,0.2835,0.063391,0
-1.7932e-05,-3.6149e-10,0,1,0.063523,0.2835,0.063523,0
-1.6365e-05,-2.9903e-10,0,1,0.063655,0.2835,0.063655,0
-1.4791e-05,-2.4265e-10,0,1,0.063787,0.2835,0.063787,0
-1.321e-05,-1.9225e-10,0,1,0.063919,0.2835,0.063919,0
-1.1621e-05,-1.4776e-10,0,1,0.064051,0.2835,0.064051,0
-1.0026e-05,-1.0921e-10,0,1,0.064183,0.2835,0.064183,0
-8.4228e-06,-7.6546e-11,0,1,0.064315,0.2835,0.064315,0
-6.813e-06,-4.9724e-11,0,1,0.064447,0.2835,0.064447,0
-5.1959e-06,-2.8721e-11,0,1,0.06458,0.2835,0.06458,0
-3.5719e-06,-1.3475e-11,0,1,0.064712,0.2835,0.064712,0
-1.9406e-06,-3.9534e-12,0,1,0.064844,0.2835,0.064844,0
-3.0219e-07,-9.1607e-14,0,1,0.064976,0.2835,0.064976,0
5.6638e-22,4.0856e-27,0,1,0.065108,0.2835,0.065108,0
5.7876e-22,9.3658e-28,0,1,0.06524,0.2835,0.06524,0
4.832e-23,9.5537e-29,0,1,0.065372,0.2835,0.065372,0
-9.1208e-24,1.2608e-29,0,1,0.065504,0.2835,0.065504,0
-1.7622e-24,2.054e-31,0,1,0.065636,0.2835,0.065636,0
2.1367e-25,9.7112e-32,0,1,0.065768,0.2835,0.065768,0
-9.8452e-26,-2.8492e-31,0,1,0.0659,0.2835,0.0659,0
-4.5012e-25,-7.869e-31,0,1,0.066032,0.2835,0.066032,0
-1.2379e-24,-8.5735e-31,0,1,0.066164,0.2835,0.066164,0
6.2901e-24,1.1303e-30,0,1,0.066296,0.2835,0.066296,0
5.0884e-24,-5.5291e-29,0,1,0.066428,0.2835,0.066428,0
-2.5404e-23,-2.1156e-28,0,1,0.06656,0.2835,0.06656,0
-2.2206e-22,-1.725e-27,0,1,0.066693,0.2835,0.066693,0
1.3232e-21,8.3308e-28,0,1,0.066825,0.2835,0.066825,0
-1.223e-20,-3.1035e-26,0,1,0.066957,0.2835,0.066957,0
1.0997e-06,-2.5097e-12,0,1,0.067089,0.2835,0.067089,0
2.7307e-06,-1.5509e-11,0,1,0.067221,0.2835,0.067221,0
4.3546e-06,-3.9627e-11,0,1,0.067353,0.2835,0.067353,0
5.9713e-06,-7.4806e-11,0,1,0.067485,0.2835,0.067485,0
7.581e-06,-1.2115e-10,0,1,0.067617,0.2835,0.067617,0
9.1835e-06,-1.7852e-10,0,1,0.067749,0.2835,0.067749,0
1.0779e-05,-2.4701e-10,0,1,0.067881,0.2835,0.067881,0
1.2367e-05,-3.2656e-10,0,1,0.068013,0.2835,0.068013,0
1.3949e-05,-4.1716e-10,0,1,0.068145,0.2835,0.068145,0
1.5523e-05,-5.1885e-10,0,1,0.068277,0.2835,0.068277,0
1.709e-05,-6.3153e-10,0,1,0.068409,0.2835,0.068409,0
1.865e-05,-7.5516e-10,0,1,0.068541,0.2835,0.068541,0
2.0203e-05,-8.8987e-10,0,1,0.068674,0.2835,0.068674,0
2.1748e-05,-1.0355e-09,0,1,0.068806,0.2835,0.068806,0
2.3287e-05,-1.1919e-09,0,1,0.068938,0.2835,0.068938,0
2.4819e-05,-1.3593e-09,0,1,0.06907,0.2835,0.06907,0
2.6343e-05,-1.5376e-09,0,1,0.069202,0.2835,0.069202,0
2.7861e-05,-1.7266e-09,0,1,0.069334,0.2835,0.069334,0
2.9371e-05,-1.9265e-09,0,1,0.069466,0.2835,0.069466,0
3.0874e-05,-2.137e-09,0,1,0.069598,0.2835,0.069598,0
3.237e-05,-2.3582e-09,0,1,0.06973,0.2835,0.06973,0
3.3859e-05,-2.5901e-09,0,1,0.069862,0.2835,0.069862,0
3.5341e-05,-2.8326e-09,0,1,0.069994,0.2835,0.069994,0
3.6816e-05,-3.0855e-09,0,1,0.070126,0.2835,0.070126,0
3.8283e-05,-3.3488e-09,0,1,0.070258,0.2835,0.070258,0
3.9744e-05,-3.6227e-09,0,1,0.07039,0.2835,0.07039,0
4.1198e-05,-3.9069e-09,0,1,0.070522,0.2835,0.070522,0
4.2644e-05,-4.2014e-09,0,1,0.070654,0.2835,0.070654,0
4.4083e-05,-4.5061e-09,0,1,0.070787,0.2835,0.070787,0
4.5516e-05,-4.821e-09,0,1,0.070919,0.2835,0.070919,0
4.6941e-05,-5.1463e-09,0,1,0.071051,0.2835,0.071051,0
4.8359e-05,-5.4811e-09,0,1,0.071183,0.2835,0.071183,0
4.977e-05,-5.8258e-09,0,1,0.071315,0.2835,0.071315,0
5.1174e-05,-6.1805e-09,0,1,0.071447,0.2835,0.071447,0
5.2571e-05,-6.5453e-09,0,1,0.071579,0.2835,0.071579,0
5.396e-05,-6.9201e-09,0,1,0.071711,0.2835,0.071711,0
5.5343e-05,-7.3042e-09,0,1,0.071843,0.2835,0.071843,0
5.6718e-05,-7.6975e-09,0,1,0.071975,0.2835,0.071975,0
5.8087e-05,-8.1002e-09,0,1,0.072107,0.2835,0.072107,0
5.9448e-05,-8.5123e-09,0,1,0.072239,0.2835,0.072239,0
6.0802e-05,-8.9343e-09,0,1,0.072371,0.2835,0.072371,0
6.2149e-05,-9.3652e-09,0,1,0.072503,0.2835,0.072503,0
6.3489e-05,-9.8052e-09,0,1,0.072635,0.2835,0.072635,0
6.4822e-05,-1.0254e-08,0,1,0.072768,0.2835,0.072768,0
6.6148e-05,-1.0712e-08,0,1,0.0729,0.2835,0.0729,0
6.7467e-05,-1.1179e-08,0,1,0.073032,0.2835,0.073032,0
6.8779e-05,-1.1655e-08,0,1,0.073164,0.2835,0.073164,0
7.0083e-05,-1.2139e-08,0,1,0.073296,0.2835,0.073296,0
7.1381e-05,-1.2632e-08,0,1,0.073428,0.2835,0.073428,0
7.2671e-05,-1.3133e-08,0,1,0.07356,0.2835,0.07356,0
7.3955e-05,-1.3642e-08,0,1,0.073692,0.2835,0.073692,0
7.5231e-05,-1.4159e-08,0,1,0.073824,0.2835,0.073824,0
7.65e-05,-1.4685e-08,0,1,0.073956,0.2835,0.073956,0
7.7762e-05,-1.5219e-08,0,1,0.074088,0.2835,0.074088,0
7.9017e-05,-1.5761e-08,0,1,0.07422,0.2835,0.07422,0
8.0265e-05,-1.631e-08,0,1,0.074352,0.2835,0.074352,0
8.1506e-05,-1.6867e-08,0,1,0.074484,0.2835,0.074484,0
8.274e-05,-1.7431e-08,0,1,0.074616,0.2835,0.074616,0
8.3966e-05,-1.8002e-08,0,1,0.074748,0.2835,0.074748,0
8.5186e-05,-1.8581e-08,0,1,0.074881,0.2835,0.074881,0
8.6398e-05,-1.9168e-08,0,1,0.075013,0.2835,0.075013,0
8.7604e-05,-1.9762e-08,0,1,0.075145,0.2835,0.075145,0
8.8802e-05,-2.0362e-08,0,1,0.075277,0.2835,0.075277,0
8.9993e-05,-2.097e-08,0,1,0.075409,0.2835,0.075409,0
9.1177e-05,-2.1584e-08,0,1,0.075541,0.2835,0.075541,0
9.2354e-05,-2.2204e-08,0,1,0.075673,0.2835,0.075673,0
9.3524e-05,-2.2831e-08,0,1,0.075805,0.2835,0.075805,0
9.4687e-05,-2.3465e-08,0,1,0.075937,0.2835,0.075937,0
9.5843e-05,-2.4105e-08,0,1,0.076069,0.2835,0.076069,0
9.6992e-05,-2.4751e-08,0,1,0.076201,0.2835,0.076201,0
9.8133e-05,-2.5403e-08,0,1,0.076333,0.2835,0.076333,0
9.9268e-05,-2.606e-08,0,1,0.076465,0.2835,0.076465,0
0.0001004,-2.6723e-08,0,1,0.076597,0.2835,0.076597,0
0.00010152,-2.7392e-08,0,1,0.076729,0.2835,0.076729,0
0.00010263,-2.8066e-08,0,1,0.076862,0.2835,0.076862,0
0.00010373,-2.8744e-08,0,1,0.076994,0.2835,0.076994,0
0.00010483,-2.9428e-08,0,1,0.077126,0.2835,0.077126,0
0.00010593,-3.0118e-08,0,1,0.077258,0.2835,0.077258,0
0.00010701,-3.0812e-08,0,1,0.07739,0.2835,0.07739,0
0.00010809,-3.1511e-08,0,1,0.077522,0.2835,0.077522,0
0.00010916,-3.2216e-08,0,1,0.077654,0.2835,0.077654,0
0.00011022,-3.2925e-08,0,1,0.077786,0.2835,0.077786,0
0.00011128,-3.3639e-08,0,1,0.077918,0.2835,0.077918,0
0.00011233,-3.4357e-08,0,1,0.07805,0.2835,0.07805,0
0.00011337,-3.5078e-08,0,1,0.078182,0.2835,0.078182,0
0.00011441,-3.5803e-08,0,1,0.078314,0.2835,0.078314,0
0.00011544,-3.653e-08,0,1,0.078446,0.2835,0.078446,0
0.00011646,-3.7261e-08,0,1,0.078578,0.2835,0.078578,0
0.00011747,-3.7996e-08,0,1,0.07871,0.2835,0.07871,0
0.00011848,-3.8734e-08,0,1,0.078842,0.2835,0.078842,0
0.00011948,-3.9475e-08,0,1,0.078975,0.2835,0.078975,0
0.00012047,-4.0221e-08,0,1,0.079107,0.2835,0.079107,0
0.00012146,-4.0969e-08,0,1,0.079239,0.2835,0.079239,0
0.00012243,-4.172e-08,0,1,0.079371,0.2835,0.079371,0
0.00012341,-4.2473e-08,0,1,0.079503,0.2835,0.079503,0
0.00012437,-4.3229e-08,0,1,0.079635,0.2835,0.079635,0
0.00012533,-4.3987e-08,0,1,0.079767,0.2835,0.079767,0
0.00012628,-4.4748e-08,0,1,0.079899,0.2835,0.079899,0
0.00012722,-4.551e-08,0,1,0.080031,0.2835,0.080031,0
0.00012816,-4.6274e-08,0,1,0.080163,0.2835,0.080163,0
0.00012909,-4.704e-08,0,1,0.080295,0.2835,0.080295,0
0.00013001,-4.7808e-08,0,1,0.080427,0.2835,0.080427,0
0.00013092,-4.8578e-08,0,1,0.080559,0.2835,0.080559,0
0.00013183,-4.9349e-08,0,1,0.080691,0.2835,0.080691,0
0.00013273,-5.012e-08,0,1,0.080823,0.2835,0.080823,0
0.00013363,-5.0892e-08,0,1,0.080955,0.2835,0.080955,0
0.00013451,-5.1664e-08,0,1,0.081088,0.2835,0.081088,0
0.00013539,-5.2438e-08,0,1,0.08122,0.2835,0.08122,0
0.00013626,-5.3213e-08,0,1,0.081352,0.2835,0.081352,0
0.00013713,-5.3989e-08,0,1,0.081484,0.2835,0.081484,0
0.00013799,-5.4766e-08,0,1,0.081616,0.2835,0.081616,0
0.00013884,-5.5544e-08,0,1,0.081748,0.2835,0.081748,0
0.00013968,-5.6323e-08,0,1,0.08188,0.2835,0.08188,0
0.00014052,-5.7103e-08,0,1,0.082012,0.2835,0.082012,0
0.00014135,-5.788e-08,0,1,0.082144,0.2835,0.082144,0
0.00014217,-5.8656e-08,0,1,0.082276,0.2835,0.082276,0
0.00014299,-5.9432e-08,0,1,0.082408,0.2835,0.082408,0
0.0001438,-6.0208e-08,0,1,0.08254,0.2835,0.08254,0
0.0001446,-6.0983e-08,0,1,0.082672,0.2835,0.082672,0
0.00014539,-6.1758e-08,0,1,0.082804,0.2835,0.082804,0
0.00014618,-6.2531e-08,0,1,0.082936,0.2835,0.082936,0
0.00014696,-6.3302e-08,0,1,0.083069,0.2835,0.083069,0
0.00014774,-6.4072e-08,0,1,0.083201,0.2835,0.083201,0
0.0001485,-6.484e-08,0,1,0.083333,0.2835,0.083333,0
0.00014926,-6.5605e-08,0,1,0.083465,0.2835,0.083465,0
0.00015001,-6.6369e-08,0,1,0.083597,0.2835,0.083597,0
0.00015076,-6.7131e-08,0,1,0.083729,0.2835,0.083729,0
0.0001515,-6.7892e-08,0,1,0.083861,0.2835,0.083861,0
0.00015223,-6.865e-08,0,1,0.083993,0.2835,0.083993,0
0.00015295,-6.9407e-08,0,1,0.084125,0.2835,0.084125,0
0.00015367,-7.0162e-08,0,1,0.084257,0.2835,0.084257,0
0.00015438,-7.0915e-08,0,1,0.084389,0.2835,0.084389,0
0.00015508,-7.1664e-08,0,1,0.084521,0.2835,0.084521,0
0.00015577,-7.2412e-08,0,1,0.084653,0.2835,0.084653,0
0.00015646,-7.3154e-08,0,1,0.084785,0.2835,0.084785,0
0.00015714,-7.3893e-08,0,1,0.084917,0.2835,0.084917,0
0.00015782,-7.4628e-08,0,1,0.085049,0.2835,0.085049,0
0.00015848,-7.5359e-08,0,1,0.085182,0.2835,0.085182,0
0.00015914,-7.6087e-08,0,1,0.085314,0.2835,0.085314,0
0.0001598,-7.6811e-08,0,1,0.085446,0.2835,0.085446,0
0.00016044,-7.7532e-08,0,1,0.085578,0.2835,0.085578,0
0.00016108,-7.8248e-08,0,1,0.08571,0.2835,0.08571,0
0.00016171,-7.8961e-08,0,1,0.085842,0.2835,0.085842,0
0.00016234,-7.967e-08,0,1,0.085974,0.2835,0.085974,0
0.00016296,-8.0376e-08,0,1,0.086106,0.2835,0.086106,0
0.00016357,-8.1077e-08,0,1,0.086238,0.2835,0.086238,0
0.00016417,-8.1775e-08,0,1,0.08637,0.2835,0.08637,0
0.00016477,-8.2466e-08,0,1,0.086502,0.2835,0.086502,0
0.00016535,-8.3153e-08,0,1,0.086634,0.2835,0.086634,0
0.00016594,-8.384e-08,0,1,0.086766,0.2835,0.086766,0
0.00016651,-8.4526e-08,0,1,0.086898,0.2835,0.086898,0
0.00016708,-8.5205e-08,0,1,0.08703,0.2835,0.08703,0
0.00016764,-8.5878e-08,0,1,0.087163,0.2835,0.087163,0
0.00016819,-8.6543e-08,0,1,0.087295,0.2835,0.087295,0
0.00016874,-8.7202e-08,0,1,0.087427,0.2835,0.087427,0
0.00016928,-8.7854e-08,0,1,0.087559,0.2835,0.087559,0
0.00016981,-8.85e-08,0,1,0.087691,0.2835,0.087691,0
0.00017034,-8.9138e-08,0,1,0.087823,0.2835,0.087823,0
0.00017086,-8.977e-08,0,1,0.087955,0.2835,0.087955,0
0.00017137,-9.0395e-08,0,1,0.088087,0.2835,0.088087,0
0.00017187,-9.1014e-08,0,1,0.088219,0.2835,0.088219,0
0.00017237,-9.1625e-08,0,1,0.088351,0.2835,0.088351,0
0.00017286,-9.223e-08,0,1,0.088483,0.2835,0.088483,0
0.00017334,-9.2828e-08,0,1,0.088615,0.2835,0.088615,0
0.00017382,-9.3419e-08,0,1,0.088747,0.2835,0.088747,0
0.00017429,-9.4005e-08,0,1,0.088879,0.2835,0.088879,0
0.00017475,-9.4587e-08,0,1,0.089011,0.2835,0.089011,0
0.0001752,-9.5167e-08,0,1,0.089143,0.2835,0.089143,0
0.00017565,-9.574e-08,0,1,0.089276,0.2835,0.089276,0
0.00017609,-9.6306e-08,0,1,0.089408,0.2835,0.089408,0
0.00017652,-9.6865e-08,0,1,0.08954,0.2835,0.08954,0
0.00017695,-9.7415e-08,0,1,0.089672,0.2835,0.089672,0
0.00017737,-9.7958e-08,0,1,0.089804,0.2835,0.089804,0
0.00017778,-9.8492e-08,0,1,0.089936,0.2835,0.089936,0
0.00017819,-9.9019e-08,0,1,0.090068,0.2835,0.090068,0
0.00017858,-9.9537e-08,0,1,0.0902,0.2835,0.0902,0
0.00017897,-1.0005e-07,0,1,0.090332,0.2835,0.090332,0
0.00017936,-1.0055e-07,0,1,0.090464,0.2835,0.090464,0
0.00017973,-1.0105e-07,0,1,0.090596,0.2835,0.090596,0
0.0001801,-1.0153e-07,0,1,0.090728,0.2835,0.090728,0
0.00018047,-1.0201e-07,0,1,0.09086,0.2835,0.09086,0
0.00018082,-1.0248e-07,0,1,0.090992,0.2835,0.090992,0
0.00018117,-1.0294e-07,0,1,0.091124,0.2835,0.091124,0
0.00018151,-1.034e-07,0,1,0.091257,0.2835,0.091257,0
0.00018185,-1.0385e-07,0,1,0.091389,0.2835,0.091389,0
0.00018217,-1.0429e-07,0,1,0.091521,0.2835,0.091521,0
0.00018249,-1.0472e-07,0,1,0.091653,0.2835,0.091653,0
0.00018281,-1.0514e-07,0,1,0.091785,0.2835,0.091785,0
0.00018311,-1.0556e-07,0,1,0.091917,0.2835,0.091917,0
0.00018341,-1.0596e-07,0,1,0.092049,0.2835,0.092049,0
0.0001837,-1.0636e-07,0,1,0.092181,0.2835,0.092181,0
0.00018399,-1.0674e-07,0,1,0.092313,0.2835,0.092313,0
0.00018426,-1.0712e-07,0,1,0.092445,0.2835,0.092445,0
0.00018453,-1.0749e-07,0,1,0.092577,0.2835,0.092577,0
0.0001848,-1.0785e-07,0,1,0.092709,0.2835,0.092709,0
0.00018505,-1.082e-07,0,1,0.092841,0.2835,0.092841,0
0.0001853,-1.0854e-07,0,1,0.092973,0.2835,0.092973,0
0.00018554,-1.0888e-07,0,1,0.093105,0.2835,0.093105,0
0.00018578,-1.0921e-07,0,1,0.093237,0.2835,0.093237,0
0.00018601,-1.0953e-07,0,1,0.09337,0.2835,0.09337,0
0.00018623,-1.0984e-07,0,1,0.093502,0.2835,0.093502,0
0.00018644,-1.1014e-07,0,1,0.093634,0.2835,0.093634,0
0.00018665,-1.1043e-07,0,1,0.093766,0.2835,0.093766,0
0.00018685,-1.1071e-07,0,1,0.093898,0.2835,0.093898,0
0.00018704,-1.1097e-07,0,1,0.09403,0.2835,0.09403,0
0.00018722,-1.1123e-07,0,1,0.094162,0.2835,0.094162,0
0.0001874,-1.1148e-07,0,1,0.094294,0.2835,0.094294,0
0.00018757,-1.1171e-07,0,1,0.094426,0.2835,0.094426,0
0.00018774,-1.1194e-07,0,1,0.094558,0.2835,0.094558,0
0.00018789,-1.1216e-07,0,1,0.09469,0.2835,0.09469,0
0.00018804,-1.1236e-07,0,1,0.094822,0.2835,0.094822,0
0.00018819,-1.1255e-07,0,1,0.094954,0.2835,0.094954,0
0.00018832,-1.1274e-07,0,1,0.095086,0.2835,0.095086,0
0.00018845,-1.1292e-07,0,1,0.095218,0.2835,0.095218,0
0.00018857,-1.1309e-07,0,1,0.095351,0.2835,0.095351,0
0.00018869,-1.1324e-07,0,1,0.095483,0.2835,0.095483,0
0.00018879,-1.1339e-07,0,1,0.095615,0.2835,0.095615,0
0.00018889,-1.1354e-07,0,1,0.095747,0.2835,0.095747,0
0.00018899,-1.1367e-07,0,1,0.095879,0.2835,0.095879,0
0.00018907,-1.1379e-07,0,1,0.096011,0.2835,0.096011,0
0.00018915,-1.1391e-07,0,1,0.096143,0.2835,0.096143,0
0.00018922,-1.1401e-07,0,1,0.096275,0.2835,0.096275,0
0.00018929,-1.1411e-07,0,1,0.096407,0.2835,0.096407,0
0.00018935,-1.1419e-07,0,1,0.096539,0.2835,0.096539,0
0.0001894,-1.1426e-07,0,1,0.096671,0.2835,0.096671,0
0.00018944,-1.1433e-07,0,1,0.096803,0.2835,0.096803,0
0.00018948,-1.1438e-07,0,1,0.096935,0.2835,0.096935,0
0.00018951,-1.1442e-07,0,1,0.097067,0.2835,0.097067,0
0.00018953,-1.1444e-07,0,1,0.097199,0.2835,0.097199,0
0.00018954,-1.1447e-07,0,1,0.097331,0.2835,0.097331,0
0.00018955,-1.1448e-07,0,1,0.097464,0.2835,0.097464,0
0.00018955,-1.1448e-07,0,1,0.097596,0.2835,0.097596,0
0.00018955,-1.1447e-07,0,1,0.097728,0.2835,0.097728,0
0.00018953,-1.1445e-07,0,1,0.09786,0.2835,0.09786,0
0.00018951,-1.1442e-07,0,1,0.097992,0.2835,0.097992,0
0.00018948,-1.1439e-07,0,1,0.098124,0.2835,0.098124,0
0.00018945,-1.1434e-07,0,1,0.098256,0.2835,0.098256,0
0.00018941,-1.1428e-07,0,1,0.098388,0.2835,0.098388,0
0.00018936,-1.1421e-07,0,1,0.09852,0.2835,0.09852,0
0.0001893,-1.1413e-07,0,1,0.098652,0.2835,0.098652,0
0.00018924,-1.1404e-07,0,1,0.098784,0.2835,0.098784,0
0.00018917,-1.1394e-07,0,1,0.098916,0.2835,0.098916,0
0.00018909,-1.1383e-07,0,1,0.099048,0.2835,0.099048,0
0.00018901,-1.1371e-07,0,1,0.09918,0.2835,0.09918,0
0.00018892,-1.1358e-07,0,1,0.099312,0.2835,0.099312,0
0.00018882,-1.1343e-07,0,1,0.099445,0.2835,0.099445,0
0.00018871,-1.1328e-07,0,1,0.099577,0.2835,0.099577,0
0.0001886,-1.1312e-07,0,1,0.099709,0.2835,0.099709,0
0.00018848,-1.1295e-07,0,1,0.099841,0.2835,0.099841,0
0.00018836,-1.1277e-07,0,1,0.099973,0.2835,0.099973,0
0.00018822,-1.1258e-07,0,1,0.1001,0.2835,0.1001,0
0.00018808,-1.1238e-07,0,1,0.10024,0.2835,0.10024,0
0.00018793,-1.1217e-07,0,1,0.10037,0.2835,0.10037,0
0.00018778,-1.1195e-07,0,1,0.1005,0.2835,0.1005,0
0.00018761,-1.1172e-07,0,1,0.10063,0.2835,0.10063,0
0.00018745,-1.1149e-07,0,1,0.10077,0.2835,0.10077,0
0.00018727,-1.1124e-07,0,1,0.1009,0.2835,0.1009,0
0.00018709,-1.1098e-07,0,1,0.10103,0.2835,0.10103,0
0.00018689,-1.1071e-07,0,1,0.10116,0.2835,0.10116,0
0.0001867,-1.1044e-07,0,1,0.10129,0.2835,0.10129,0
0.00018649,-1.1015e-07,0,1,0.10143,0.2835,0.10143,0
0.00018628,-1.0986e-07,0,1,0.10156,0.2835,0.10156,0
0.00018606,-1.0955e-07,0,1,0.10169,0.2835,0.10169,0
0.00018583,-1.0924e-07,0,1,0.10182,0.2835,0.10182,0
0.0001856,-1.0891e-07,0,1,0.10195,0.2835,0.10195,0
0.00018536,-1.0858e-07,0,1,0.10209,0.2835,0.10209,0
0.00018511,-1.0824e-07,0,1,0.10222,0.2835,0.10222,0
0.00018486,-1.0788e-07,0,1,0.10235,0.2835,0.10235,0
0.0001846,-1.0753e-07,0,1,0.10248,0.2835,0.10248,0
0.00018433,-1.0716e-07,0,1,0.10261,0.2835,0.10261,0
0.00018405,-1.0678e-07,0,1,0.10275,0.2835,0.10275,0
0.00018377,-1.064e-07,0,1,0.10288,0.2835,0.10288,0
0.00018348,-1.06e-07,0,1,0.10301,0.2835,0.10301,0
0.00018318,-1.056e-07,0,1,0.10314,0.2835,0.10314,0
0.00018288,-1.0519e-07,0,1,0.10327,0.2835,0.10327,0
0.00018257,-1.0477e-07,0,1,0.10341,0.2835,0.10341,0
0.00018225,-1.0434e-07,0,1,0.10354,0.2835,0.10354,0
0.00018192,-1.0389e-07,0,1,0.10367,0.2835,0.10367,0
0.00018159,-1.0345e-07,0,1,0.1038,0.2835,0.1038,0
0.00018125,-1.0299e-07,0,1,0.10393,0.2835,0.10393,0
0.0001809,-1.0252e-07,0,1,0.10407,0.2835,0.10407,0
0.00018055,-1.0205e-07,0,1,0.1042,0.2835,0.1042,0
0.00018019,-1.0157e-07,0,1,0.10433,0.2835,0.10433,0
0.00017982,-1.0108e-07,0,1,0.10446,0.2835,0.10446,0
0.00017945,-1.0059e-07,0,1,0.1046,0.2835,0.1046,0
0.00017906,-1.0008e-07,0,1,0.10473,0.2835,0.10473,0
0.00017867,-9.9572e-08,0,1,0.10486,0.2835,0.10486,0
0.00017828,-9.9056e-08,0,1,0.10499,0.2835,0.10499,0
0.00017787,-9.8534e-08,0,1,0.10512,0.2835,0.10512,0
0.00017746,-9.8006e-08,0,1,0.10526,0.2835,0.10526,0
0.00017705,-9.7471e-08,0,1,0.10539,0.2835,0.10539,0
0.00017662,-9.6928e-08,0,1,0.10552,0.2835,0.10552,0
0.00017619,-9.6378e-08,0,1,0.10565,0.2835,0.10565,0
0.00017575,-9.5821e-08,0,1,0.10578,0.2835,0.10578,0
0.0001753,-9.5257e-08,0,1,0.10592,0.2835,0.10592,0
0.00017485,-9.4685e-08,0,1,0.10605,0.2835,0.10605,0
0.00017439,-9.4106e-08,0,1,0.10618,0.2835,0.10618,0
0.00017392,-9.352e-08,0,1,0.10631,0.2835,0.10631,0
0.00017345,-9.2926e-08,0,1,0.10644,0.2835,0.10644,0
0.00017297,-9.2325e-08,0,1,0.10658,0.2835,0.10658,0
0.00017248,-9.1717e-08,0,1,0.10671,0.2835,0.10671,0
0.00017198,-9.1101e-08,0,1,0.10684,0.2835,0.10684,0
0.00017148,-9.0478e-08,0,1,0.10697,0.2835,0.10697,0
0.00017097,-8.9847e-08,0,1,0.1071,0.2835,0.1071,0
0.00017045,-8.921e-08,0,1,0.10724,0.2835,0.10724,0
0.00016993,-8.8564e-08,0,1,0.10737,0.2835,0.10737,0
0.00016939,-8.7915e-08,0,1,0.1075,0.2835,0.1075,0
0.00016886,-8.7262e-08,0,1,0.10763,0.2835,0.10763,0
0.00016831,-8.6605e-08,0,1,0.10776,0.2835,0.10776,0
0.00016776,-8.5942e-08,0,1,0.1079,0.2835,0.1079,0
0.0001672,-8.5275e-08,0,1,0.10803,0.2835,0.10803,0
0.00016663,-8.4604e-08,0,1,0.10816,0.2835,0.10816,0
0.00016606,-8.3928e-08,0,1,0.10829,0.2835,0.10829,0
0.00016548,-8.3248e-08,0,1,0.10842,0.2835,0.10842,0
0.00016489,-8.2562e-08,0,1,0.10856,0.2835,0.10856,0
0.00016429,-8.1873e-08,0,1,0.10869,0.2835,0.10869,0
0.00016369,-8.1179e-08,0,1,0.10882,0.2835,0.10882,0
0.00016308,-8.048e-08,0,1,0.10895,0.2835,0.10895,0
0.00016246,-7.9776e-08,0,1,0.10909,0.2835,0.10909,0
0.00016184,-7.9068e-08,0,1,0.10922,0.2835,0.10922,0
0.00016121,-7.8356e-08,0,1,0.10935,0.2835,0.10935,0
0.00016057,-7.7641e-08,0,1,0.10948,0.2835,0.10948,0
0.00015993,-7.6922e-08,0,1,0.10961,0.2835,0.10961,0
0.00015927,-7.62e-08,0,1,0.10975,0.2835,0.10975,0
0.00015861,-7.5472e-08,0,1,0.10988,0.2835,0.10988,0
0.00015795,-7.4737e-08,0,1,0.11001,0.2835,0.11001,0
0.00015727,-7.3999e-08,0,1,0.11014,0.2835,0.11014,0
0.00015659,-7.3258e-08,0,1,0.11027,0.2835,0.11027,0
0.00015591,-7.2515e-08,0,1,0.11041,0.2835,0.11041,0
0.00015521,-7.1768e-08,0,1,0.11054,0.2835,0.11054,0
0.00015451,-7.1019e-08,0,1,0.11067,0.2835,0.11067,0
0.0001538,-7.0266e-08,0,1,0.1108,0.2835,0.1108,0
0.00015308,-6.9511e-08,0,1,0.11093,0.2835,0.11093,0
0.00015236,-6.8752e-08,0,1,0.11107,0.2835,0.11107,0
0.00015163,-6.7991e-08,0,1,0.1112,0.2835,0.1112,0
0.00015089,-6.7228e-08,0,1,0.11133,0.2835,0.11133,0
0.00015015,-6.6467e-08,0,1,0.11146,0.2835,0.11146,0
0.0001494,-6.5704e-08,0,1,0.11159,0.2835,0.11159,0
0.00014864,-6.4941e-08,0,1,0.11173,0.2835,0.11173,0
0.00014787,-6.4175e-08,0,1,0.11186,0.2835,0.11186,0
0.0001471,-6.3409e-08,0,1,0.11199,0.2835,0.11199,0
0.00014632,-6.2641e-08,0,1,0.11212,0.2835,0.11212,0
0.00014553,-6.1871e-08,0,1,0.11225,0.2835,0.11225,0
0.00014474,-6.1101e-08,0,1,0.11239,0.2835,0.11239,0
0.00014394,-6.033e-08,0,1,0.11252,0.2835,0.11252,0
0.00014313,-5.9558e-08,0,1,0.11265,0.2835,0.11265,0
0.00014231,-5.8785e-08,0,1,0.11278,0.2835,0.11278,0
0.00014149,-5.8011e-08,0,1,0.11292,0.2835,0.11292,0
0.00014066,-5.7236e-08,0,1,0.11305,0.2835,0.11305,0
0.00013982,-5.646e-08,0,1,0.11318,0.2835,0.11318,0
0.00013898,-5.568e-08,0,1,0.11331,0.2835,0.11331,0
0.00013813,-5.4901e-08,0,1,0.11344,0.2835,0.11344,0
0.00013727,-5.4124e-08,0,1,0.11358,0.2835,0.11358,0
0.00013641,-5.3347e-08,0,1,0.11371,0.2835,0.11371,0
0.00013553,-5.2572e-08,0,1,0.11384,0.2835,0.11384,0
0.00013465,-5.1798e-08,0,1,0.11397,0.2835,0.11397,0
0.00013377,-5.1024e-08,0,1,0.1141,0.2835,0.1141,0
0.00013287,-5.0252e-08,0,1,0.11424,0.2835,0.11424,0
0.00013197,-4.9482e-08,0,1,0.11437,0.2835,0.11437,0
0.00013106,-4.8712e-08,0,1,0.1145,0.2835,0.1145,0
0.00013015,-4.7943e-08,0,1,0.11463,0.2835,0.11463,0
0.00012923,-4.7179e-08,0,1,0.11476,0.2835,0.11476,0
0.0001283,-4.6415e-08,0,1,0.1149,0.2835,0.1149,0
0.00012736,-4.565e-08,0,1,0.11503,0.2835,0.11503,0
0.00012642,-4.4887e-08,0,1,0.11516,0.2835,0.11516,0
0.00012547,-4.4127e-08,0,1,0.11529,0.2835,0.11529,0
0.00012451,-4.3368e-08,0,1,0.11542,0.2835,0.11542,0
0.00012355,-4.2613e-08,0,1,0.11556,0.2835,0.11556,0
0.00012257,-4.1859e-08,0,1,0.11569,0.2835,0.11569,0
0.00012159,-4.1108e-08,0,1,0.11582,0.2835,0.11582,0
0.00012061,-4.036e-08,0,1,0.11595,0.2835,0.11595,0
0.00011962,-3.9614e-08,0,1,0.11608,0.2835,0.11608,0
0.00011862,-3.8871e-08,0,1,0.11622,0.2835,0.11622,0
0.00011761,-3.813e-08,0,1,0.11635,0.2835,0.11635,0
0.00011659,-3.7393e-08,0,1,0.11648,0.2835,0.11648,0
0.00011557,-3.6661e-08,0,1,0.11661,0.2835,0.11661,0
0.00011454,-3.5932e-08,0,1,0.11674,0.2835,0.11674,0
0.00011351,-3.5208e-08,0,1,0.11688,0.2835,0.11688,0
0.00011246,-3.4486e-08,0,1,0.11701,0.2835,0.11701,0
0.00011141,-3.3769e-08,0,1,0.11714,0.2835,0.11714,0
0.00011036,-3.3055e-08,0,1,0.11727,0.2835,0.11727,0
0.00010929,-3.2345e-08,0,1,0.11741,0.2835,0.11741,0
0.00010822,-3.1639e-08,0,1,0.11754,0.2835,0.11754,0
0.00010714,-3.0937e-08,0,1,0.11767,0.2835,0.11767,0
0.00010606,-3.0239e-08,0,1,0.1178,0.2835,0.1178,0
0.00010497,-2.9549e-08,0,1,0.11793,0.2835,0.11793,0
0.00010387,-2.8864e-08,0,1,0.11807,0.2835,0.11807,0
0.00010276,-2.8185e-08,0,1,0.1182,0.2835,0.1182,0
0.00010165,-2.7511e-08,0,1,0.11833,0.2835,0.11833,0
0.00010052,-2.6843e-08,0,1,0.11846,0.2835,0.11846,0
9.9397e-05,-2.6181e-08,0,1,0.11859,0.2835,0.11859,0
9.8261e-05,-2.5525e-08,0,1,0.11873,0.2835,0.11873,0
9.7119e-05,-2.4874e-08,0,1,0.11886,0.2835,0.11886,0
9.597e-05,-2.4228e-08,0,1,0.11899,0.2835,0.11899,0
9.4813e-05,-2.3587e-08,0,1,0.11912,0.2835,0.11912,0
9.365e-05,-2.2951e-08,0,1,0.11925,0.2835,0.11925,0
9.2479e-05,-2.2321e-08,0,1,0.11939,0.2835,0.11939,0
9.1301e-05,-2.1698e-08,0,1,0.11952,0.2835,0.11952,0
9.0116e-05,-2.1082e-08,0,1,0.11965,0.2835,0.11965,0
8.8924e-05,-2.0473e-08,0,1,0.11978,0.2835,0.11978,0
8.7725e-05,-1.987e-08,0,1,0.11991,0.2835,0.11991,0
8.6519e-05,-1.9274e-08,0,1,0.12005,0.2835,0.12005,0
8.5306e-05,-1.8685e-08,0,1,0.12018,0.2835,0.12018,0
8.4086e-05,-1.8104e-08,0,1,0.12031,0.2835,0.12031,0
8.2858e-05,-1.753e-08,0,1,0.12044,0.2835,0.12044,0
8.1624e-05,-1.6964e-08,0,1,0.12057,0.2835,0.12057,0
8.0382e-05,-1.6404e-08,0,1,0.12071,0.2835,0.12071,0
7.9133e-05,-1.5854e-08,0,1,0.12084,0.2835,0.12084,0
7.7877e-05,-1.5311e-08,0,1,0.12097,0.2835,0.12097,0
7.6614e-05,-1.4775e-08,0,1,0.1211,0.2835,0.1211,0
7.5344e-05,-1.4248e-08,0,1,0.12124,0.2835,0.12124,0
7.4067e-05,-1.3728e-08,0,1,0.12137,0.2835,0.12137,0
7.2783e-05,-1.3217e-08,0,1,0.1215,0.2835,0.1215,0
7.1492e-05,-1.2715e-08,0,1,0.12163,0.2835,0.12163,0
7.0193e-05,-1.222e-08,0,1,0.12176,0.2835,0.12176,0
6.8888e-05,-1.1735e-08,0,1,0.1219,0.2835,0.1219,0
6.7575e-05,-1.1257e-08,0,1,0.12203,0.2835,0.12203,0
6.6255e-05,-1.0789e-08,0,1,0.12216,0.2835,0.12216,0
6.4929e-05,-1.0329e-08,0,1,0.12229,0.2835,0.12229,0
6.3595e-05,-9.8776e-09,0,1,0.12242,0.2835,0.12242,0
6.2254e-05,-9.4352e-09,0,1,0.12256,0.2835,0.12256,0
6.0906e-05,-9.0015e-09,0,1,0.12269,0.2835,0.12269,0
5.955e-05,-8.5772e-09,0,1,0.12282,0.2835,0.12282,0
5.8188e-05,-8.1626e-09,0,1,0.12295,0.2835,0.12295,0
5.6819e-05,-7.7573e-09,0,1,0.12308,0.2835,0.12308,0
5.5442e-05,-7.3621e-09,0,1,0.12322,0.2835,0.12322,0
5.4059e-05,-6.9767e-09,0,1,0.12335,0.2835,0.12335,0
5.2668e-05,-6.6011e-09,0,1,0.12348,0.2835,0.12348,0
5.127e-05,-6.2346e-09,0,1,0.12361,0.2835,0.12361,0
4.9865e-05,-5.8776e-09,0,1,0.12374,0.2835,0.12374,0
4.8453e-05,-5.5301e-09,0,1,0.12388,0.2835,0.12388,0
4.7034e-05,-5.1927e-09,0,1,0.12401,0.2835,0.12401,0
4.5608e-05,-4.8654e-09,0,1,0.12414,0.2835,0.12414,0
4.4175e-05,-4.5485e-09,0,1,0.12427,0.2835,0.12427,0
4.2735e-05,-4.2416e-09,0,1,0.1244,0.2835,0.1244,0
4.1287e-05,-3.9449e-09,0,1,0.12454,0.2835,0.12454,0
3.9833e-05,-3.6586e-09,0,1,0.12467,0.2835,0.12467,0
3.8371e-05,-3.3827e-09,0,1,0.1248,0.2835,0.1248,0
3.6902e-05,-3.1174e-09,0,1,0.12493,0.2835,0.12493,0
3.5427e-05,-2.8624e-09,0,1,0.12507,0.2835,0.12507,0
3.3944e-05,-2.6177e-09,0,1,0.1252,0.2835,0.1252,0
3.2454e-05,-2.3836e-09,0,1,0.12533,0.2835,0.12533,0
3.0957e-05,-2.1607e-09,0,1,0.12546,0.2835,0.12546,0
2.9453e-05,-1.9489e-09,0,1,0.12559,0.2835,0.12559,0
2.7941e-05,-1.7479e-09,0,1,0.12573,0.2835,0.12573,0
2.6423e-05,-1.5574e-09,0,1,0.12586,0.2835,0.12586,0
2.4898e-05,-1.3774e-09,0,1,0.12599,0.2835,0.12599,0
2.3365e-05,-1.2081e-09,0,1,0.12612,0.2835,0.12612,0
2.1826e-05,-1.0499e-09,0,1,0.12625,0.2835,0.12625,0
2.0279e-05,-9.0284e-10,0,1,0.12639,0.2835,0.12639,0
1.8725e-05,-7.6672e-10,0,1,0.12652,0.2835,0.12652,0
1.7164e-05,-6.4139e-10,0,1,0.12665,0.2835,0.12665,0
1.5596e-05,-5.2713e-10,0,1,0.12678,0.2835,0.12678,0
1.4021e-05,-4.2407e-10,0,1,0.12691,0.2835,0.12691,0
1.2439e-05,-3.3244e-10,0,1,0.12705,0.2835,0.12705,0
1.085e-05,-2.5213e-10,0,1,0.12718,0.2835,0.12718,0
9.2535e-06,-1.8218e-10,0,1,0.12731,0.2835,0.12731,0
7.65e-06,-1.238e-10,0,1,0.12744,0.2835,0.12744,0
6.0397e-06,-7.7026e-11,0,1,0.12757,0.2835,0.12757,0
4.4222e-06,-4.143e-11,0,1,0.12771,0.2835,0.12771,0
2.7975e-06,-1.6756e-11,0,1,0.12784,0.2835,0.12784,0
1.1659e-06,-3.0695e-12,0,1,0.12797,0.2835,0.12797,0
-8.187e-21,-4.0997e-25,0,1,0.1281,0.2835,0.1281,0
-1.0798e-20,-1.8788e-25,0,1,0.12823,0.2835,0.12823,0
-8.1699e-21,-4.7546e-26,0,1,0.12837,0.2835,0.12837,0
-4.5764e-21,3.277e-26,0,1,0.1285,0.2835,0.1285,0
1.3256e-21,8.7352e-26,0,1,0.12863,0.2835,0.12863,0
5.5848e-21,1.2088e-25,0,1,0.12876,0.2835,0.12876,0
3.6893e-21,7.3279e-26,0,1,0.12889,0.2835,0.12889,0
-4.1809e-21,-6.2575e-26,0,1,0.12903,0.2835,0.12903,0
-3.8492e-21,-5.6986e-26,0,1,0.12916,0.2835,0.12916,0
-1.6294e-21,-2.1424e-26,0,1,0.12929,0.2835,0.12929,0
-7.9116e-23,3.2298e-27,0,1,0.12942,0.2835,0.12942,0
8.2148e-22,1.6702e-26,0,1,0.12956,0.2835,0.12956,0
9.8304e-22,2.0103e-26,0,1,0.12969,0.2835,0.12969,0
4.2744e-22,1.5993e-26,0,1,0.12982,0.2835,0.12982,0
-3.0165e-22,2.5074e-27,0,1,0.12995,0.2835,0.12995,0
-8.8634e-22,-1.9694e-26,0,1,0.13008,0.2835,0.13008,0
-7.2985e-22,-1.5812e-26,0,1,0.13022,0.2835,0.13022,0
-3.9326e-22,-8.3814e-27,0,1,0.13035,0.2835,0.13035,0
-4.7954e-23,-1.3941e-27,0,1,0.13048,0.2835,0.13048,0
1.581e-22,2.9341e-27,0,1,0.13061,0.2835,0.13061,0
2.2553e-22,4.6154e-27,0,1,0.13074,0.2835,0.13074,0
1.5433e-22,3.6497e-27,0,1,0.13088,0.2835,0.13088,0
-6.8074e-23,-1.9685e-28,0,1,0.13101,0.2835,0.13101,0
-1.8051e-22,-2.0906e-27,0,1,0.13114,0.2835,0.13114,0
-1.0149e-22,-5.8515e-28,0,1,0.13127,0.2835,0.13127,0
-4.0932e-23,4.1978e-28,0,1,0.1314,0.2835,0.1314,0
1.1473e-24,9.2391e-28,0,1,0.13154,0.2835,0.13154,0
2.6274e-23,9.1307e-28,0,1,0.13167,0.2835,0.13167,0
2.7666e-23,4.5178e-28,0,1,0.1318,0.2835,0.1318,0
-7.885e-24,-3.2454e-28,0,1,0.13193,0.2835,0.13193,0
-5.8042e-23,-1.7321e-27,0,1,0.13206,0.2835,0.13206,0
